lnkoff,rgyr,glob,ecc,AM1_dipole,AM1_E,AM1_HF,AM1_HOMO,apol,ASA+,ASA_H,ASA_P,ast_violation,ast_violation_ext,a_acc,a_aro,a_base,a_ICM,a_nH,a_nN,a_nO,balabanJ,BCUT_PEOE_0,BCUT_PEOE_1,BCUT_PEOE_3,BCUT_SLOGP_0,BCUT_SLOGP_1,BCUT_SLOGP_2,BCUT_SLOGP_3,BCUT_SMR_1,b_1rotN,b_1rotR,b_double,b_max1len,b_rotR,CASA+,CASA-,DASA,DCASA,density,diameter,dipole,dipoleX,dipoleY,dipoleZ,E_ang,E_ele,E_nb,E_oop,E_rele,E_rsol,E_rvdw,E_sol,E_stb,E_str,E_strain,E_tor,E_vdw,FASA+,FASA-,FASA_H,FCASA+,FCASA-,GCUT_PEOE_0,GCUT_PEOE_1,GCUT_PEOE_2,GCUT_SLOGP_0,GCUT_SLOGP_1,GCUT_SLOGP_2,GCUT_SLOGP_3,GCUT_SMR_0,GCUT_SMR_1,GCUT_SMR_2,h_ema,h_emd_C,h_logD,h_logS,h_pavgQ,h_pKa,h_pKb,h_pstates,h_pstrain,Kier3,KierA2,KierFlex,lip_acc,lip_don,lip_druglike,lip_violation,logP(o/w),logS,mutagenic,npr1,opr_brigid,opr_violation,PC-,PEOE_PC-,PEOE_RPC+,PEOE_RPC-,PEOE_VSA+0,PEOE_VSA+1,PEOE_VSA+2,PEOE_VSA+3,PEOE_VSA+4,PEOE_VSA+5,PEOE_VSA+6,PEOE_VSA-0,PEOE_VSA-1,PEOE_VSA-2,PEOE_VSA-4,PEOE_VSA-5,PEOE_VSA_FHYD,PEOE_VSA_FNEG,PEOE_VSA_FPNEG,PEOE_VSA_NEG,petitjean,pmi1,pmiX,pmiY,pmiZ,Q_PC+,Q_RPC-,Q_VSA_FNEG,Q_VSA_FPNEG,Q_VSA_FPPOS,Q_VSA_NEG,Q_VSA_PNEG,Q_VSA_POL,Q_VSA_POS,reactive,RPC+,rsynth,SlogP_VSA1,SlogP_VSA3,SlogP_VSA4,SlogP_VSA5,SlogP_VSA8,SlogP_VSA9,SMR_VSA0,SMR_VSA1,SMR_VSA2,SMR_VSA4,SMR_VSA5,SMR_VSA7,std_dim2,std_dim3,VAdjEq,vsa_acc,vsa_base,vsa_don,vsa_other,vsurf_A,vsurf_CP,vsurf_CW1,vsurf_CW2,vsurf_CW6,vsurf_CW8,vsurf_D1,vsurf_D8,vsurf_DD12,vsurf_DD13,vsurf_DD23,vsurf_DW12,vsurf_DW13,vsurf_DW23,vsurf_EDmin1,vsurf_EWmin1,vsurf_G,vsurf_HB1,vsurf_HB3,vsurf_HB8,vsurf_HL1,vsurf_ID3,vsurf_ID7,vsurf_ID8,vsurf_IW1,vsurf_IW2,vsurf_IW3,vsurf_IW4,vsurf_IW5,vsurf_IW6,vsurf_IW7,vsurf_IW8,vsurf_R,vsurf_W2,vsurf_Wp1,vsurf_Wp2,vsurf_Wp3,vsurf_Wp5,vsurf_Wp6,vsurf_Wp8,weinerPath
-4.045173518,4.820693411,0.146525076,0.81751964,21.54952998,-207757.4795,236.2456696,-17.88922399,90.86412534,405.9667889,289.3221011,528.8321147,3,5,14.97229219,0,4.027707809,1.633672329,50.02770781,6,13,1.4955996,-2.802550805,-0.492872466,2.889065188,-3.364813769,-0.576655953,0.518551791,2.674108416,-0.421730368,9,0.2,0,4,0.2,7138.113362,1660.746354,283.1014592,5477.366935,0.827739957,17,6.978776876,0.898618613,3.141414802,-1.908908558,27.94259402,375.3167482,-65.71853821,0,66.23124371,71.18227455,226377.6008,-497.7945243,3.271584039,13.85651971,0.007910201,38.03444004,56.75924039,0.495546465,0.150951831,0.353501713,8.705945967,2.040695185,-0.857918515,-0.337031053,0.185183796,-2.239047451,-0.449571448,0.0542,3.1,-0.644932918,-0.236103964,0.14451797,19.78360819,21.31565416,-13.48600349,13.39154953,4.797571078,7.651696117,7.230768837,11.82393607,1.826005323,7.0620189,14.6135,12.131009,19,23.02770781,0,3,-9.2402601,2.482155743,0,0.358196466,23,5,-13.50820403,-6.811182956,0.032077567,0.057606618,18.70540786,125.1664534,124.6330832,28.27000471,79.50444665,0,104.1445949,0.098629492,0,0,0,0,0.523329239,0.153467342,0.153291612,87.06426382,0.47058824,4643.546431,2919.944312,5865.255125,5638.50998,17.53591141,0.072629995,0.153291612,0.153291612,0.62843146,86.96563429,86.96563429,443.6215252,480.5226225,1,0.031994876,0.73809522,0,57.805416,0,0,18.868406,0,65.999329,177.69658,132.5002564,64.88286396,18.868406,0,2.564975844,1.540282331,0.29071587,15.022536,71.46156262,71.46156262,44.125496,2.024812501,0.010554946,2.663702378,2.484114615,0.424767464,0.061498206,384.4325978,3.560458566,2.797046816,1.249250792,2.316074011,2.668048072,2.560528979,2.173608328,-1.994081072,-9.314359153,1.42394844,390.7044165,478.969289,12.96684504,1.809470643,1.370588559,3.043705767,4.321946773,0.231076329,0.291508898,0.373382277,0.556647164,0.737759566,0.900081381,1.15077668,1.600333481,1.516588394,1579.613279,1592.944608,1038.118362,571.7385778,79.81317604,18.71440699,0.598224979,6111
-1.220328047,4.812603399,0.149716759,0.821107288,19.21119831,-210033.0127,-42.75333372,-16.38121495,89.35195511,388.9542752,288.5653725,522.9627883,3,5,15.79320532,0,3.206794682,1.63426509,48.20679468,5,14,1.4955996,-2.801486948,-0.529001953,2.890414787,-3.368494342,-0.610764794,0.53410751,2.673885034,-0.444682972,9,0.2,0,4,0.2,6432.818412,1784.486854,254.9457612,4648.33141,0.838418824,17,6.12386016,1.489039219,-0.21273978,-2.699481996,25.37605267,298.3194337,2.839301302,0,22.40728595,30.97250275,86694.23416,-344.8286868,3.303984009,13.70085989,0.007000465,39.16847999,49.34855594,0.479127691,0.165126301,0.35574601,7.922831426,2.198928962,-0.857979872,-0.362033591,0.18510798,-2.23823617,-0.466138566,0.054200001,3.09,-0.645,-0.243624322,0.154571316,20.77354008,19.65174431,-11.89942117,11.1263107,3.863685017,7.628763158,6.875622056,10.09188673,1.630141457,7.0620189,14.6135,12.131009,19,21.20679468,0,3,-9.01826,2.356033788,0,0.35711103,23,5,-13.31066913,-6.852893377,0.034476092,0.057255822,15.97899964,141.6213106,109.4320369,28.01106965,90.18926617,0,82.91821138,0.14138027,0,0,0,0,0.526363944,0.165429289,0.165174028,92.77596491,0.47058824,4631.08389,5913.968017,3877.811536,4578.52629,16.51746434,0.074380194,0.165174028,0.165174028,0.613997655,92.63458469,92.63458469,437.0601118,468.2922875,1,0.03394927,0.73809522,0,60.292095,0,0,18.868406,0,65.999329,203.08182,105.4945238,58.9914096,18.868406,0,2.545763446,1.560565546,0.29071587,15.022536,56.89652063,56.89652063,44.125496,1.821115853,0.010225266,2.665258024,2.493630422,0.421294666,0.064171569,377.7607292,3.042900349,4.320059766,1.853878376,5.280531371,1.324640263,3.979565102,4.416766661,-1.902288702,-10.00026341,1.4147434,445.4338946,530.5660031,14.60134994,1.803941283,1.170614349,2.150368965,3.759996674,0.188416732,0.214662243,0.294515468,0.480986924,0.768322703,1.044349964,1.597005547,2.321435451,1.523778981,1571.818576,1519.622534,963.3679044,519.2620662,69.07973146,14.05777391,0.338092882,6111
-1.30477582,4.524975735,0.102935159,0.901044166,25.71802972,-143880.0207,542.2791206,-18.58516496,71.85307326,317.2251443,351.3466157,356.5450546,2.762322015,4.762322015,8.059145674,0,3.940854326,1.564573403,40.94085433,5,7,1.6836184,-2.808401814,-0.442860625,2.886011525,-3.413000977,-0.479600758,0.49119688,2.670581297,-0.356968605,6,0.18181819,1,4,0.18181819,4065.64693,580.0862328,251.7795252,3485.560697,0.766636335,14,7.202135071,-3.605352966,-2.261004098,1.935386879,18.73375955,326.5965897,-140.2427884,0.001210493,4.207868616,0.332478228,18878.02983,-511.658824,2.974233182,9.683915812,0.00763708,12.31101394,44.8194393,0.447940594,0.092763658,0.496254824,5.73952464,0.822294252,-0.863942886,-0.316386828,0.184816297,-2.2460298,-0.340829455,0.054200001,3,-0.645,-0.212199358,0.124832331,10.20051081,18.85798354,-8.989902348,10.6657962,4.37572755,7.608502698,8.441461501,6.161827391,1.536189017,5.566864,10.2311,8.2398357,12,15.94085433,0,2,-4.0479999,0.941787425,0,0.223671687,18,4.983570646,-8.855584762,-4.295634224,0.042430974,0.089929314,49.06293645,103.173122,66.29921838,19.87226545,39.57389261,0,95.30003815,35.25340059,3.369091899,0,0,0,0.610085575,0.178471494,0.09325828,80.96778561,0.5,1914.667934,4820.840428,2523.186089,1922.716441,12.79643921,0.108631252,0.138860993,0.120238699,0.546783396,63.05871477,54.6001949,303.005789,391.1905427,1,0.049938143,0.41935483,0,39.365837,0,38.140617,37.736813,33.326015,43.99955,89.94485023,108.6782546,27.13207141,55.379993,66.223206,2.040131308,1.349379698,0.36097246,10.015024,60.68740241,60.68740241,29.416998,2.207418172,0.032877788,2.627441123,2.204461311,0.248282938,0.029412892,568.3551747,7.067371212,2.50874231,6.531742948,5.314037338,2.376022758,6.261955799,6.542811367,-2.040177215,-8.131862399,1.388395124,197.3574832,213.6781476,4.439245818,0.530223442,1.163115158,2.89792623,2.600608015,0.374655228,0.627287373,0.710670573,0.971618138,1.289602624,1.304790312,1.69488271,2.563256204,1.454465638,1049.09083,1313.306318,814.9737904,437.7510888,62.12614165,16.36669134,1.063406166,2700
-5.191677669,4.199010183,0.419404765,0.910219164,25.76303806,-196863.4404,-60.47814623,-15.34943623,81.90693438,343.7093785,239.3159562,505.5595075,3,5,12.5734494,0,6.235038085,1.711678827,41.4265506,7,12,1.921404093,-2.765482344,-0.538931174,2.888076619,-3.25939917,-0.629896504,0.531539983,2.659674687,-0.450524556,9,0.21428572,3,4,0.259624868,5633.179618,2400.435957,172.1974653,3232.7436,0.843971454,15,7.741892828,-0.193836292,-0.566384407,-5.42621418,3.47E+01,-67.62811302,-428.1338387,0.007329791,0,-5.24E-14,0,-421.3525606,-0.163637603,17.19647066,0.008052387,36.90543154,60.84684525,0.460841205,0.231045743,0.320863652,7.561772689,3.233845213,-0.850150521,-0.411897681,0.156981169,-2.219999423,-0.492434232,0.054200001,3.03,-0.6,-0.24584948,0.165635191,16.32219801,15.0677167,-10.69214443,5.640208939,2.658264241,7.817663018,10.08153618,2.457826724,0.699145976,7.0587926,12.505544,9.5347414,19,18.4265506,0,3,-6.262612476,0.340103569,0,0.555403963,19,5,-13.99255495,-6.438802457,0.039071807,0.060940041,18.90879496,106.1986103,53.5799433,43.99635721,78.0954954,82.06350979,38.8650779,29.84863943,0,0,0.544142226,39.15829831,0.453596576,0.24305425,0.189302789,135.2780526,0.46666667,4479.059198,3295.558858,2742.832957,4305.621747,16.41910512,0.069112744,0.189302789,0.189302789,0.600891837,105.4294103,105.4294103,440.1342854,451.5564186,1,0.073202685,0.47499999,3.7981856,20.926258,0,34.50450552,0,33.326015,67.861771,249.0221841,42.9004711,68.94448439,0,86.368423,2.219281485,1.980444672,0.29692331,24.12608721,81.36110883,84.75901765,82.838623,2.001368446,0.016069175,2.640368143,2.370803602,0.499194049,0.073867857,475.4233987,22.64837923,1.678256744,1.292846807,0.960488446,5.216961929,6.125914641,6.355568953,-2.825945185,-8.807002268,1.377466638,470.108991,547.2099066,7.251616066,1.286415013,1.372379466,3.389818467,3.824999624,0.514541055,0.601636851,0.626136323,0.639071774,0.802665694,1.072073276,1.189487124,1.953091514,1.528474252,1406.133601,1350.647805,770.1564694,406.0041919,83.09161479,41.93076829,8.105859349,4989
-1.532168277,4.508193967,0.111737166,0.883446497,24.42178826,-155728.6284,317.7882565,-17.55147285,71.45013615,342.6224399,269.9735151,430.6065512,3,5,10.42948038,0,3.570519618,1.607305712,40.57051962,5,9,1.6991706,-2.810804916,-0.490502775,2.886498906,-3.365233711,-0.542405812,0.498148673,2.675149802,-0.406293622,6,0.17647059,0,4,0.17647059,4698.650744,890.0806982,254.6383271,3808.57005,0.80615417,14,7.551763644,4.540579141,-0.663465008,-0.446939623,20.69891221,310.0513887,-89.73168522,0,0.996352407,0.554802778,1829.096501,-439.687938,2.988834232,10.14331224,0.005618945,20.95150738,39.90486138,0.488862655,0.125776153,0.385361191,6.699853854,1.272564819,-0.858005716,-0.33430558,0.185213112,-2.239345007,-0.434307352,0.054200001,3.01,-0.645,-0.229423702,0.144002968,13.84637226,16.83965816,-10.48221913,11.40925312,4.15584372,7.6318325,7.731293954,7.779905622,1.64737149,5.6444635,11.16,9.2774744,14,18.57051962,0,2,-6.4120002,1.870364934,0,0.250310962,18,5,-10.10083877,-5.023998879,0.040586656,0.078099416,32.07035981,96.13635394,82.92668036,16.33899364,59.64104204,0,92.3230621,2.66668023,0,0,0,0,0.518091708,0.146297648,0.140268033,64.9740268,0.5,2215.373378,4980.95021,1975.852009,2631.885449,13.67135843,0.096161651,0.140268033,0.140268033,0.609411871,62.30734591,62.30734591,333.1694101,382.10317,1,0.041077984,0.34375,0,39.365837,0,0,37.736813,0,43.99955,126.92613,117.4600509,47.02588247,37.736813,0,2.120417182,1.346667514,0.35236704,10.015024,63.34990617,63.34990617,29.416998,2.989555386,0.014523993,2.746463348,2.556127548,0.352902453,0.052266832,373.9799466,3.755904763,3.881117069,3.980167051,3.917081153,1.494259587,2.226018293,2.480524588,-1.934925749,-9.309293118,1.383128266,303.6678447,344.5237806,9.39098609,1.319321706,1.745243295,3.164794864,2.970629453,0.220835132,0.297001587,0.540037314,0.942523419,1.319793748,1.49943077,1.764428285,2.321284952,1.450390407,1313.028134,1377.418631,897.8370423,497.1606923,65.71517687,13.31650639,0.216087941,2932
-1.41702852,4.124426593,0.199071344,0.776705565,14.22591803,-151720.2116,443.5431765,-18.51157601,79.24447366,216.7049956,450.613668,252.3235384,3,5,8.253144654,0,3.746855346,1.517234601,46.74685535,5,7,1.6847405,-2.818513619,-0.41223633,2.884405488,-3.421599914,-0.483396854,0.465076639,2.709618413,-0.352269425,7,0.2,0,5,0.2,2714.951229,312.7747388,181.0864502,2402.176521,0.74682053,15,4.365243696,0.504495191,-1.341454121,0.706902289,1.76E+01,309.5290712,-98.01362844,0,0,-1.59E-14,0,-453.5236681,3.335236924,11.42406252,0.006040944,20.39985312,45.98097366,0.308263877,0.050783382,0.640952756,3.858777619,0.445923599,-0.870773883,-0.303496474,0.177102279,-2.24804441,-0.337339782,0.054200001,3.08,-0.644,-0.207394469,0.12487743,11.07133032,22.0477577,-11.53069961,9.414589899,4.499463033,7.902099895,6.66230514,4.377441474,1.665752363,6.0491495,11.372781,9.5067167,12,14.74685535,0,2,-2.905,0.462235794,0,0.428479851,18,5,-8.77231612,-4.291173902,0.04328005,0.090032547,75.9000657,127.4126034,56.28225571,17.44015284,41.05753693,0,82.68018707,55.53059252,0,0,0,0,0.667874422,0.195345007,0.083689957,97.2091056,0.46666667,3048.827303,2867.590331,2980.441453,2386.845158,12.51917138,0.111226938,0.083689957,0.083689957,0.514486093,41.67851046,41.67851046,297.8902638,456.3034012,1,0.044781467,0.75757575,0,20.926258,0,65.794373,56.605217,66.652031,43.99955,105.8337705,75.39646692,29.63850255,56.605217,132.44641,2.505338673,1.47712573,0.3442024,10.015024,46.6062325,46.6062325,29.416998,3.445261716,0.058746396,2.527841131,1.971430408,0.215846574,0.050127717,682.9287784,19.36448261,4.942068621,3.947582598,1.746594594,2.964780419,4.130894438,2.882184513,-2.012556445,-10.25143286,1.336570355,190.5613714,159.6780847,8.93256898,0.342923788,1.715707616,2.033164367,2.413503375,0.366616826,1.150588413,1.48563452,1.716468495,2.08472459,2.383994394,2.517853847,2.47750463,1.547151072,874.4754488,1196.090307,671.2118937,346.1913728,52.62777428,13.87811494,0.624096713,3234
-1.601337476,3.442269357,0.137606785,0.826188287,14.72505851,-107515.6034,280.3078645,-18.03539979,49.58943363,278.5971995,169.9698759,350.6888214,3,5,7.119324182,0,2.880675818,1.607443857,28.88067582,4,6,2.0773919,-2.797354453,-0.484392808,2.877451288,-3.368238284,-0.557479542,0.51907989,2.650982179,-0.427169643,3,0.13043478,0,4,0.13043478,2873.643976,534.5846803,206.505577,2339.059294,0.804060974,10,5.01647909,2.068409364,1.107776076,-0.008235831,14.50441163,251.2130606,-95.39913788,0,-0.002557514,-0.001480452,15.62683142,-383.319912,1.591001932,7.318033026,0.009875661,13.89914122,36.70771412,0.534758889,0.138803258,0.326437853,5.511908707,1.029418078,-0.858019195,-0.314008074,0.185110256,-2.238607838,-0.434713198,0.054219133,2.796325669,-0.645121125,-0.234848666,0.145905568,9.454748329,11.85256643,-8.319856458,9.410424904,3.287487684,7.725820974,8.116497276,4.877515365,1.19339084,3.5916824,7.2664361,6.0576525,10,14.88067582,1,1,-5.289,1.858979665,0,0.322402408,12,3,-7.405347343,-3.605690865,0.053830428,0.107364979,16.48577077,55.19701999,66.94664727,8.271010362,45.31340086,0,74.48574404,0.009188293,0,0,0,0,0.469092909,0.149144509,0.14911434,46.71601907,0.5,1142.579655,1601.528542,1156.003553,1102.794558,10.28602323,0.130277763,0.14911434,0.14911434,0.632581791,46.70683078,46.70683078,244.9988944,266.7087855,1,0.054625338,0.5,0,18.439579,0,0,18.868406,0,21.999775,101.54091,94.76613011,36.8226161,18.868406,0,1.908693094,1.071784142,0.4530769,5.0075121,51.1103604,51.1103604,14.708499,2.701544921,0.014258022,2.911216529,2.70781731,0.378388579,0.032388401,242.093803,3.106604671,1.08611992,1.357321575,0.888825221,4.54768368,5.129131368,5.884719725,-1.87813137,-8.005038875,1.277284246,236.6428194,260.3538439,3.839663294,1.533538857,1.634280128,3.586443869,4.591978158,0.169629773,0.144613092,0.293323905,0.719232784,1.102270423,1.14549169,1.306070809,1.899800048,1.398465525,1037.078552,1068.310934,720.4581356,404.1244893,56.46093463,13.53109833,0.638800332,1012
-0.397744985,4.594839565,0.084692204,0.853523619,24.05710022,-165403.6705,18.11617409,-16.18262984,70.80120057,344.6109018,243.6760968,457.3966294,3,5,12.15856237,0,2.841437632,1.626526777,38.84143763,4,11,1.7220645,-2.807982016,-0.527784574,2.885668394,-3.362082307,-0.606170199,0.512838178,2.668830783,-0.436948045,6,0.17142858,0,4,0.17142858,4636.475926,1193.676561,231.8251639,3442.799381,0.834608881,14,7.32796241,1.668609711,1.574130378,-1.391906097,1.92E+01,238.6374126,-30.00056935,0,0,-1.26E-13,0,-308.7826824,2.926655469,10.44659957,0.005906903,28.88309153,40.14470952,0.491476444,0.161020842,0.347502714,6.610597668,1.704265975,-0.857884686,-0.365829604,0.185110121,-2.237905288,-0.471599178,0.054200001,2.986602186,-0.644533343,-0.24006817,0.157279053,15.81869818,15.82377494,-9.861628944,9.825180737,3.294980593,7.705528234,8.125708971,5.258805184,1.291551329,5.5555553,11.372781,9.5067167,15,17.84143763,0,2,-7.2049999,2.150792664,0,0.245073582,18,5,-10.57072304,-5.447918692,0.041984062,0.072021959,17.6322503,97.68895043,87.34808578,24.34230285,72.269211,0,73.47116076,0.1747621,0,0,0,0,0.507089354,0.168320367,0.167925281,75.40933097,0.5,2386.930316,3270.749518,2559.64801,4467.978456,13.41216068,0.091187813,0.167925281,0.167925281,0.612785408,75.23456895,75.23456895,349.8868629,372.9267165,1,0.041849865,0.66666669,0,39.365837,0,0,18.868406,0,43.99955,177.69658,93.47530421,38.11344204,18.868406,0,2.237591739,1.199276817,0.3442024,10.015024,50.4141772,50.4141772,29.416998,2.026505388,0.009418786,2.771570638,2.593973002,0.420789815,0.044144976,306.3326691,4.316502477,0.594337673,0.635769148,0.670333159,4.437237919,3.044681459,3.655119358,-1.973318621,-8.603743546,1.385204444,369.9092786,472.0914751,8.36616044,1.955861054,1.3312022,3.288261271,4.221130158,0.219581891,0.23736372,0.354731442,0.583555024,0.785806531,0.955758387,1.326340634,2.175319999,1.449038456,1398.087161,1366.540119,868.5434942,458.7445028,56.21998503,11.62139055,0.055190764,3160
-0.102328081,5.036704705,0.060068994,0.762710944,20.32948253,-199059.137,-23.60439707,-16.25441348,85.43149482,384.7768727,280.6240224,539.5021217,3,5,13.83050847,0,3.169491525,1.635212476,46.16949153,5,13,1.8425663,-2.812240886,-0.520668233,2.876079613,-3.334871047,-0.604800587,0.514641936,2.677931109,-0.425092477,10,0.23809524,1,6,0.26190478,6040.833706,1935.990238,230.0516001,4104.843376,0.830552332,15,7.648838041,-1.315233692,6.683258606,1.959526307,1.89E+01,243.0961618,-59.11406156,-0.218913091,0,-1.98E-13,0,-346.9271594,2.877575769,12.07244783,0.006538734,27.71286893,44.71693053,0.469074129,0.188729525,0.342196349,7.362952664,2.361547414,-0.862452855,-0.384369236,0.185165164,-2.235974751,-0.48158565,0.054200001,3.072486559,-0.642400945,-0.239221383,0.152992886,18.37410096,19.67349048,-11.54944024,10.68312334,3.515435916,7.771067115,9.034787426,3.137527136,0.904457185,7.7555523,14.584665,12.130054,18,20.16949153,0,3,-8.2089996,1.986993931,0,0.30491567,18,5,-12.50577966,-6.468553961,0.036002285,0.060657675,34.98147184,124.0440175,84.5173393,32.94483954,82.593384,12.949531,81.95366232,1.788193561,0,0,0,13.566921,0.505435929,0.175603166,0.172342275,96.67483014,0.46666667,4405.730179,10504.8291,3926.546973,505.6410334,15.67527119,0.07559568,0.172342275,0.172342275,0.594656105,94.88663754,94.88663754,422.3564134,455.7724324,1,0.036349035,0.55000001,5.2587838,57.805416,0,0,37.736813,0,67.861771,203.08182,122.2781105,27.32139192,37.736813,0,2.665203135,1.108857519,0.29692331,23.581945,56.23466977,61.9172472,42.366531,2.744238975,0.009560272,2.680511148,2.520146138,0.433402533,0.070307705,385.4326006,5.273569915,0.664544574,1.532203367,1.754809144,1.336327312,7.318574106,8.27340738,-2.092745232,-8.696062573,1.448468625,472.9860964,542.2088189,15.24549788,1.809338005,1.820492421,4.563406359,4.578990603,0.179243433,0.138835853,0.369333578,0.737627608,1.014145949,1.129826491,1.508047003,2.220058092,1.479106158,1607.717823,1528.550053,961.8294492,538.0391949,81.75370763,20.00251589,0,5207
0.2499802,3.286169014,0.034019315,0.785985208,12.48700033,-77002.79671,172.4137811,-11.62247373,33.430309,246.2737789,159.5353796,304.1846843,0,1,3,6,3,1.8483173,13,7,1,2.617466,-2.4425452,-0.36262318,2.3683717,-2.972677,-0.29810551,0.40813026,2.3398995,-0.056134779,2,0.11764706,2,4,0.23529412,1851.4863,777.6910109,126.9777203,1073.795292,0.85994947,9,3.22206237,3.064053357,-0.175896993,-0.515345974,9.673771722,-171.320738,-229.0613046,-0.032424053,0,0,0,-85.37719667,1.841040442,5.865702432,0.002837815,15.22726287,27.63663006,0.531087777,0.257253912,0.344028997,3.992717955,1.677038208,-0.82219362,-0.37859905,0.0779,-2.1880567,-0.36143994,1.03E-01,2.2395687,-0.5596931,-0.11261684,0.22512364,7.4267149,2.3535993,-3.1092987,-0.028156796,0.99998164,11.138162,11.264558,1.0013551,7.58E-05,4,4.4069238,2.8155746,8,7,1,1,-0.56046999,-0.99489999,1,0.241960277,7,1,-6.5190001,-2.0169828,0.13343197,0.15397207,25.592316,0,39.619152,15.710309,43.095066,0,28.631105,46.477379,29.581947,13.566921,11.502043,6.6511192,0.6230529,0.44234037,0.11491414,121.08165,0.44444445,666.6279819,2035.543906,434.0745057,323.9831885,7.5180001,0.14833564,0.27254733,0.16447736,0.6339578,74.604271,45.022324,218.55533,199.12532,0,0.15961692,0.52941179,40.728935,0,26.618963,65.794373,0,43.804485,23.862217,65.243027,21.135065,37.553028,32.897186,104.94302,1.571480864,0.645299352,0.52255934,24.932074,41.167557,58.910046,60.022987,3.384511939,0.087522157,2.794379685,2.211249078,0.303616382,0.075290633,642.0705962,66.74561828,0.5,1.96043596,2.006218235,0.603553205,0.552056144,0.551497421,-2.729875623,-10.23721792,1.27757284,110.3101417,94.43412673,5.342906668,0.284670092,1.027611065,0.701999942,0.530816315,0.934107264,1.972672931,2.448196082,2.592128958,2.35966581,2.111563247,1.368718093,0.742310421,1.325494359,658.6695712,963.7286987,555.2449382,284.7462913,50.84122103,24.09020862,4.469930643,524
-5.143110102,3.553021606,0.034377976,0.82434119,8.410905831,-82230.81088,347.0153594,-14.27937318,35.84722518,302.4110685,131.6644698,362.0889024,0.025,2.025,3.025,6,3.975,1.814496625,14.975,8,1,2.5160494,-2.519114393,-0.485660627,2.511768413,-3.290173368,-0.45814262,0.525144884,2.323565055,-0.292705682,4,0.22222222,2,5,0.33333334,2837.21441,914.5429342,178.939884,1922.671534,0.864717155,11,1.860135096,1.182607912,-0.31775077,-0.475165573,10.52405958,-141.0150141,-286.8890598,-0.252164498,0,0,0,-171.960289,1.678636128,5.849671756,0.002766414,8.383601749,26.08624392,0.612427079,0.2500974,0.266691504,5.745738825,1.852458104,-0.859340095,-0.375870678,0.183459433,-2.2336204,-0.36619748,0.176600421,2.247435895,-0.639511467,-0.201859357,0.239949698,7.295314848,4.018852238,-5.899460788,3.250922607,1.9885901,8.993355468,11.39582239,1.065329303,0.073423635,4.8979592,5.4494891,3.5762911,9,10.975,1,1,-1.74447,-0.53152978,1,0.208151469,7,2.975,-7.406424903,-2.36515304,0.0929165,0.151832454,9.403657745,34.04253548,48.66911365,15.710309,43.095066,0,53.84171803,0,29.581947,13.566921,11.502043,6.7880106,0.537776825,0.270659292,0.116966119,75.98523813,0.45454547,707.6483337,2647.307908,560.3032333,261.2413436,9.38042538,0.130639636,0.270659292,0.165290513,0.668568731,75.98523813,46.40329013,234.1041468,204.7623948,0,0.127954901,0.55555558,58.739685,36.879158,26.618963,0,0,43.804485,23.862217,65.243027,50.08551025,56.38620775,32.897186,39.148643,1.493538699,0.699986549,0.50325835,24.932074,58.46648378,81.89155168,60.022987,2.748760649,0.069753316,2.85277937,2.489233278,0.284944055,0.071951501,600.2030169,55.59676607,0.865833629,2.2796876,2.290495025,0.534271799,0.582362577,0.795338023,-2.703718063,-10.38801654,1.309803348,81.85088165,63.12454247,5.223355246,0.328064125,0.455332869,1.279928672,1.459241829,0.467394428,0.798518138,1.117890081,1.64727835,2.354685949,2.478207828,1.786712066,1.374307334,1.312102641,817.4787653,1121.214588,744.4313957,420.773881,69.57803144,29.12843436,5.113984231,648
-3.764034128,3.910431391,0.068656475,0.674373278,16.35455984,-95064.49885,243.5470415,-11.51112098,47.337482,331.4761019,216.0217308,364.8173839,2,4,4,12,3,1.6480342,17,8,1,2.0756433,-2.4500849,-0.58267623,2.3773508,-2.9726794,-0.52353024,0.66500688,2.4048498,-0.38495147,3,0.12,2,4,0.23999999,2816.883783,1154.356728,177.5413428,1662.527156,0.76505476,12,3.956590698,3.699670767,-1.265185053,-0.053429959,1.04E+01,-153.2807906,-206.8285351,-0.003907268,0,-5.05E-14,0,-97.17912684,1.44870956,8.552130369,0.003923862,19.38079524,43.63138554,0.570684079,0.265021678,0.371913777,4.849673152,1.987397588,-0.82368803,-0.39014435,0.080627479,-2.1880713,-0.3690438,0.152307,2.5287783,-0.55969554,-0.21258889,0.2141245,8.8634615,4.3309469,-2.0724587,-1.5618494,1.0408524,11.150813,8.3698864,1.1874789,0.024952929,5.25,5.5353599,2.9203436,9,7,1,1,0.023530001,-2.6954601,1,0.363697418,13,2,-7.4990001,-2.3525043,0.12007003,0.1320121,27.800856,39.569592,46.318703,6.6995511,43.095066,0,28.631105,70.987183,24.509808,13.566921,11.502043,6.6511192,0.70551246,0.45169047,0.089775957,158.26181,0.5,1775.654608,3165.253275,1623.030458,186.8890932,8.4980001,0.12895052,0.31904072,0.17913525,0.54661548,111.78442,62.764812,254.28612,238.59225,0,0.14120969,0.66666669,40.728935,47.661102,29.804539,65.794373,0,4.6558404,23.862217,96.302383,21.135065,43.49535,103.46992,65.794373,2.553364136,0.842106501,0.42571631,42.674564,41.167557,58.910046,71.311737,3.556653972,0.099778945,2.747038806,2.377684093,0.241805376,0.050959908,863.4575953,117.1017774,3.377902519,1.987524578,2.076076446,0.551020032,0.552533391,0.603553347,-2.860253317,-9.892517607,1.345202789,215.3770906,161.647574,2.846033425,0.223011781,1.237155061,1.555094719,1.396045156,0.855330879,1.128786826,1.654726463,2.227003753,2.378784784,2.621634017,2.631416564,1.384606792,1.384407677,890.2201196,1188.602164,668.142354,306.0472341,51.24725971,24.13139368,5.564326794,1331
-5.066293363,4.489333968,0.050870122,0.909944536,8.732473431,-104627.9454,353.9500367,-13.38741896,51.75769192,275.053827,278.83741,338.9896995,2,4,4.011011011,6,3.988988989,1.696077243,23.98898899,9,1,1.7172495,-2.800604009,-0.42845172,2.749977501,-3.502677784,-0.455066488,0.476582182,2.494450054,-0.288516786,5,0.2,2,4.09009009,0.28,2834.625747,1048.157789,149.0322954,1786.467956,0.800347062,15,2.80360097,-0.07547747,1.506331451,-1.478395701,1.50E+01,-73.87704336,-190.8529261,-0.293235519,0,-1.07E-13,0,-155.2994649,2.635579929,8.351424833,0.004000221,0.968510817,38.32358045,0.445218902,0.203984831,0.451277014,4.588340393,1.696603908,-0.88561773,-0.359301547,0.098085058,-2.259052786,-0.367103238,0.163661345,2.543929234,-0.629349078,-0.201658031,0.173663782,9.283765486,10.68468457,-5.942880132,1.481563408,1.996906276,9.276608892,9.560192982,1.473818537,0.225974461,6.3525,7.6105642,5.144537,10,8.988988989,1,1,-1.42647,-0.784448549,1,0.166643592,13,2.988988989,-8.317359558,-2.638720124,0.087047479,0.127645612,85.51894586,78.50502546,48.238163,15.710309,43.095066,0,37.15521395,2.349457046,29.581947,13.566921,11.502043,6.7880106,0.709740011,0.200087297,0.081991629,77.09061545,0.46666667,1155.775813,4242.491426,1719.574734,1251.296165,10.30534835,0.116263282,0.193976086,0.117201923,0.639974241,74.741158,45.159214,291.7506159,310.572176,0,0.116462086,0.66666669,61.89839986,110.63747,26.618963,32.897186,0,43.804485,26.95212816,68.40174184,18.01075,55.563778,32.897186,72.04583,1.771034724,1.031807807,0.42571631,24.932074,41.167557,64.592621,60.022987,4.049026256,0.076184088,2.655242692,2.155850816,0.258304381,0.071823262,861.2965134,64.39009323,0.575253153,0.695227464,0.600644258,0.516754647,0.519582971,0.721727165,-2.84378156,-11.30737067,1.376947738,130.9561557,113.0373103,8.064587527,0.250593945,0.89968972,0.571781199,2.080086818,0.948903436,2.0969244,2.794491841,3.027351167,3.207836825,3.056547591,2.391187944,1.942240229,1.379027105,819.8246449,1232.791256,709.8115863,347.1027903,59.90869679,27.50516929,5.356711172,1571
-2.039451893,3.97160367,0.223555301,0.861657491,15.77812481,-119145.7975,278.4248095,-11.05831967,62.37652866,391.2946077,351.0656278,283.4891239,2.864783047,4.864783047,4.864783047,21,3.135216953,1.597757909,22.06760848,9,1,1.3230839,-2.467111663,-0.659363697,2.456904582,-2.9726789,-0.610551819,0.73042018,2.433522399,-0.487761427,6,0.17647059,2,4,0.23529412,3740.237435,1564.471487,206.8137083,2175.766003,0.757707904,15,4.049590807,-3.335963602,-1.91431253,-0.352629962,15.02009377,-179.8197453,-226.6076891,-0.44402824,2.572931311,1.764979947,9124.738397,-94.32893423,0.579771915,9.703504818,0.005048177,15.11590084,47.54099074,0.616903551,0.290191624,0.553744794,5.892567045,2.4602902,-0.834220691,-0.411538002,0.080608433,-2.188072434,-0.3327082,0.160507614,2.647219796,-0.559697771,-0.224683076,0.22952141,9.089604361,4.142409227,-1.672307793,-2.620603356,1.178772186,10.91943493,7.750957123,1.725476039,0.183369849,6.3208814,7.2091179,3.6010742,10,9.067608476,1,1,1.424714662,-4.29282085,1,0.449706219,23,2,-8.480632348,-3.00865277,0.098983111,0.112878454,40.57544049,51.46996471,65.37170402,15.6417386,43.095066,0.756576846,29.79654181,24.509808,85.784325,13.566921,16.81893968,6.7880106,0.72847582,0.394747633,0.090871271,160.897875,0.46666667,2297.680618,2577.131513,2663.427867,1429.614745,9.547241264,0.114058536,0.409767295,0.123842576,0.401503086,167.0168529,50.47610868,214.1426718,240.5880596,0,0.125885658,0.45161289,74.39037089,18.439579,28.946884,18.868406,0,4.6558404,24.99706111,80.89371289,34.79628,65.794373,210.55424,0,2.215049321,1.466157009,0.36875206,24.932074,41.93593747,65.36100147,62.202793,3.523660416,0.082559245,2.628234832,2.190132544,0.284628513,0.078626412,887.8882878,80.0340359,1.488229413,0.698436444,1.542709542,0.746041253,5.56825791,5.576296023,-2.829922257,-10.10248603,1.303049649,128.3125578,126.9248257,9.470409921,0.284102433,1.094760226,0.622965729,0.456404292,0.604677915,1.465935597,2.190870157,2.392646627,2.472408668,2.555140046,2.638973278,2.816907157,1.520436854,869.4140097,1293.090897,775.8209558,352.1833514,72.29472271,34.73091439,5.348609983,2899
-4.760538273,3.74868335,0.055132338,0.704105804,14.26655295,-97220.55948,220.484923,-11.38357219,47.344273,317.5531559,230.7030496,332.4304681,2,4,5,12,3,1.6568187,18,9,1,1.731135,-2.4504371,-0.55219913,2.664799,-2.9726794,-0.56004888,0.62637806,2.6888766,-0.36032832,3,0.11538462,2,2,0.1923077,2724.923618,709.4756497,223.9794788,2015.447997,0.78809065,10,3.890628618,3.125762427,2.151957521,0.38737759,1.72E+01,-196.7317265,-246.9967419,0.150588253,0,9.10E-15,0,-92.04008454,1.42062068,7.22263373,0.003558125,16.00921517,41.77507122,0.563908747,0.166162188,0.409667427,4.838900897,1.25984173,-0.82647997,-0.39689744,0.091759451,-2.1880703,-0.37151495,0.15889256,2.6034365,-0.55969763,-0.22090551,0.23519036,10.917559,4.3325763,-3.4809551,-0.79876441,1.032516,11.14743,8.4726076,1.1560678,0.019792963,4.6011772,5.5709877,2.884387,10,7,1,1,-1.48247,-1.79977,1,0.346454317,18,2,-7.5819998,-2.5150695,0.11451699,0.12347928,96.208107,8.5307722,71.821014,6.6995511,43.095066,0,28.631105,17.402626,0,13.566921,22.867195,6.6511192,0.65159613,0.22443902,0.13024245,73.7901,0.5,1559.162473,2573.388381,1753.516201,287.4242937,8.5810003,0.1275389,0.17150742,0.17150742,0.52426618,56.387474,56.387474,228.75348,272.38824,0,0.13984384,0.625,74.299995,36.879158,26.618963,0,37.736813,4.6558404,23.862217,98.814087,21.135065,43.49535,121.84824,0,2.216362135,0.818122577,0.43739632,36.297226,41.167557,58.910046,75.80275,2.751156674,0.070647847,2.772226959,2.325724899,0.303059317,0.055989544,727.692959,83.46755924,0.848075813,0.884041437,0.695326119,0.5,0.513610279,0.895189875,-2.918546365,-10.25048586,1.323576606,246.3246421,224.8698468,3.686456195,0.31169021,0.791897176,0.402493223,0.500744119,0.798423997,1.383532453,1.624908577,1.862700549,1.96893452,2.211921991,2.234697599,1.389612567,1.388701546,901.5699112,1127.624314,627.0539311,298.2442928,50.96419187,24.99552681,5.356082396,1279
-4.459916107,4.533398916,0.062901211,0.785265791,10.52470875,-115294.4236,388.529444,-13.20909426,63.46485188,362.3933082,359.8104564,330.5786114,2,4,4.021212121,12,3.978787879,1.545741412,28.97878788,9,1,1.5668621,-2.800683589,-0.510016068,2.749669189,-3.497749787,-0.536519662,0.66161241,2.495982832,-0.464680019,6,0.19354838,2,4.129292929,0.25806451,3938.376221,1171.742534,230.5701507,2766.633612,0.731540331,15,2.98621368,-1.140819484,-1.79022318,-1.594713015,1.77E+01,-79.37139087,-179.506172,-0.543704861,0,-1.02E-13,0,-152.2925849,2.334845611,10.6197266,0.004777019,7.950895599,52.15779421,0.524875326,0.190933128,0.521151036,5.704185101,1.697156132,-0.885217211,-0.365911734,0.079731178,-2.258332934,-0.298975235,0.1614439,2.692712778,-0.628610481,-0.215716815,0.175313724,8.962545165,11.87947949,-4.90498252,0.410982249,2.018040492,9.189580097,8.513814651,1.706006623,0.3166647,7,8.2440748,4.8526969,10,8.978787879,1,1,-0.50247002,-2.134327364,1,0.278777059,19,2,-8.88883959,-2.882491584,0.082898171,0.116708478,87.43408439,98.97727479,54.937717,6.6995511,43.095066,0,37.06729045,3.497540062,61.274521,13.566921,11.502043,6.7880106,0.744941317,0.250924376,0.07210569,109.9312702,0.46666667,2215.279493,3046.120266,2235.741335,2929.253817,10.86662726,0.108788743,0.242922492,0.103070595,0.557331947,106.43373,45.159214,289.3514723,331.7085323,0,0.110458377,0.7241379,61.93027133,110.63747,26.618963,32.897186,0,4.6558404,26.92025669,68.43361331,18.01075,61.5061,121.11311,32.897186,2.381886118,1.054093818,0.3796615,24.932074,41.167557,64.592621,51.01223,4.136937633,0.092325752,2.572549457,2.018932356,0.232522862,0.07045016,968.9930711,86.94706107,0.513764665,0.590295849,0.70695006,0.512869357,0.528792521,0.6699029,-3.059577185,-12.68491012,1.389772718,120.2328597,92.68977443,10.29363505,0.212864929,0.99588767,1.034402852,1.266656115,0.851903749,2.121015568,3.128973963,3.249741766,3.210783161,2.705209766,2.21488548,1.852339925,1.437719198,840.6478298,1326.2127,770.7652904,351.1730297,62.63024168,29.03302461,4.816551396,2410
-2.616474258,4.037076231,0.238665169,0.843798237,18.38585708,-119147.5313,274.0940651,-10.48051587,62.37710935,426.2843653,325.4079895,317.2693538,1.931520645,3.931520645,3.931520645,21,3.068479355,1.597752289,22.06847936,9,1,1.3436003,-2.481640001,-0.643178256,2.45006697,-2.9726789,-0.616907744,0.770798682,2.471663079,-0.48778764,6,0.17647059,2,4,0.23529412,4078.056541,1370.872266,265.0379792,2707.184271,0.757704857,15,4.615194034,-3.571836387,-2.295630467,0.475437693,15.46326405,-179.9001843,-229.0557322,-0.38934831,18.29079715,8.449362956,75283.49369,-98.06519677,0.85431612,9.519195243,0.005077299,14.51122027,48.90964775,0.663494189,0.250467213,0.506336038,6.347191756,2.129428644,-0.86277896,-0.398025437,0.107441816,-2.188072468,-0.323065286,0.182924471,2.684163536,-0.559698085,-0.23235405,0.231269209,8.860024747,4.143685425,-1.4806025,-2.658899461,1.164305993,10.84960736,7.803337393,1.656465193,0.177262428,6.1186266,7.2091179,3.6010742,10,9.068479355,1,1,1.139427281,-3.073039689,1,0.451229946,23,2,-8.497800504,-2.894829086,0.102547914,0.124499255,90.99316272,37.80429223,55.52189863,17.61206293,43.095066,0,29.22132946,45.99614821,36.764713,13.566921,11.51141721,12.08144783,0.731733878,0.32721328,0.090858906,133.3597694,0.46666667,2446.045683,2487.398033,2921.145576,1451.705225,9.56427996,0.113814619,0.367139012,0.164868177,0.387723257,149.6454554,67.19856858,225.2570631,257.9621429,0,0.125492868,0.41935483,74.37575272,18.439579,29.804539,18.868406,0,4.6558404,25.01167928,80.87909472,34.79628,66.223206,209.26778,0,2.244885182,1.497414919,0.36875206,30.22550993,41.55669607,70.6643388,51.01223,3.148257201,0.084031367,2.670750426,2.333407781,0.259755153,0.069125709,894.2163891,94.86801343,0.719142274,1.205849711,1.572740044,0.760345129,2.696909527,2.790229183,-2.88932292,-10.12594605,1.315049598,169.5431123,138.3053254,8.30759319,0.265378498,0.717002829,0.905457382,0.526932422,0.729725259,1.344892595,2.093806298,2.31601655,2.464294978,2.714603351,2.741527805,2.66035106,1.506824072,949.3515598,1329.009671,800.4825157,368.4903617,70.45908349,32.19384721,4.913046407,2855
-3.001649747,3.893503002,0.285183328,0.853873655,17.50751655,-120635.5455,283.470455,-10.42107262,61.004654,411.1401085,272.3734112,353.8839803,2,4,5,21,3,1.6255069,21,10,1,1.3436003,-2.4812427,-0.66257995,2.4501898,-2.9726789,-0.66056538,0.70735139,2.4705095,-0.46663666,6,0.17647059,2,4,0.23529412,4048.085504,1413.607701,251.3743173,2634.477794,0.77250189,15,4.314956239,-3.314336582,-2.376479047,-0.786243987,16.65018705,-198.8365066,-242.8804445,-0.384639737,3.693695399,0.154362785,13057.77339,-92.20066807,1.009917394,8.948680486,0.005454138,14.05347807,48.1567259,0.65674776,0.254545687,0.434616622,6.46633841,2.252220188,-0.86277908,-0.41481397,0.12142921,-2.1880713,-0.33640981,0.19313964,2.6608095,-0.55969793,-0.2415593,0.25253537,10.834174,4.1517267,-2.0004458,-2.4871233,1.0222913,11.190127,8.6408377,1.1150942,0.013551933,6.1186266,7.1747813,3.5675046,11,9,0,2,-0.04047,-3.2357099,1,0.517857664,23,2,-8.8479996,-3.0568492,0.099223599,0.11788829,91.608246,29.857702,80.440025,15.318564,43.095066,0,28.631105,23.164757,36.764713,13.566921,22.867195,6.7880106,0.71687108,0.287494,0.1062637,116.59073,0.46666667,2578.195661,2313.077633,2491.235506,1595.013723,9.8459997,0.10929023,0.32351315,0.18067273,0.43500289,131.19798,73.270279,249.68198,274.34344,0,0.1218769,0.54838711,92.310745,18.439579,29.804539,18.868406,0,4.6558404,23.862217,98.814087,34.79628,66.223206,190.76694,0,2.218284468,1.570214398,0.36875206,36.297226,41.167557,70.2752,75.80275,2.411728438,0.067194565,2.707899046,2.40036466,0.317056685,0.075717016,819.5517702,86.61601164,1.505696252,1.09054839,1.686636575,3.05165822,3.807693077,1.542260218,-2.893759112,-9.94096374,1.302767745,219.595782,207.5784145,9.037069028,0.349233316,0.609437205,0.863901102,0.48419761,0.718580822,1.197169521,1.724794586,1.786759597,1.834822768,1.944775019,2.356374412,2.383202939,1.51112465,1009.455293,1310.256268,784.6207737,360.7918464,70.29973584,32.69085246,5.280196489,2855
-4.170146276,4.963834161,0.125997886,0.80689177,20.70080899,-155528.4308,367.9042116,-10.48751519,81.01202952,484.5548085,406.1315664,386.6884085,3,5,5.780684105,26,3.438631791,1.592040433,30.2193159,13,1,1.1146762,-2.551258053,-0.658075104,2.519764154,-2.9726789,-0.617820497,0.704845955,2.577648447,-0.467031439,11,0.25,2,5,0.29545453,5796.969786,1849.199537,311.6859658,3947.770242,0.759960405,20,5.360440293,-3.670440631,-2.140388646,-0.925682576,21.49864701,-312.1171372,-347.2137447,-1.433732816,23.49994088,13.08481364,213243.0834,-91.01371906,0.844934517,9.292380558,0.006669421,13.85536179,55.91711284,0.610908553,0.218009979,0.512541641,7.306117125,2.331801873,-0.862779695,-0.401115314,0.135513454,-2.188075144,-0.336489052,0.191883222,2.73993045,-0.559870511,-0.233376404,0.248839445,13.73254671,7.969037237,-2.108626855,-3.315690655,1.469591107,9.61929251,7.388181827,2.264795857,0.422739723,8.781723,10.183494,5.2695746,14,10.2193159,0,3,0.278153739,-4.122900941,1,0.343867918,28,5,-10.71493159,-3.855091633,0.079704544,0.093492628,164.9675282,57.86109191,76.10287085,16.25403095,63.43423366,0,30.52139155,31.86607,36.764713,13.566921,27.33351491,6.9249015,0.737252828,0.240988118,0.088497187,129.895252,0.5,4168.675703,7470.193952,3830.933376,2080.953333,11.93302817,0.090294431,0.276228075,0.168762171,0.393999417,148.8744678,90.94676013,303.3546578,390.1619323,0,0.100848537,0.625,125.3247865,36.879158,29.804539,18.868406,18.868406,24.994511,27.54355054,113.8173765,34.79628,86.133049,262.50363,0,2.715653867,1.448253149,0.30726835,40.73352198,42.41383602,77.2040509,91.484322,3.459804389,0.073018959,2.58072389,2.251963,0.272438453,0.067614579,1130.907813,121.1856746,1.001216558,1.476616753,1.528844728,1.128799819,1.696653467,1.920225903,-3.096131902,-9.844186707,1.38555466,201.3704953,199.26642,10.82207244,0.266012517,0.862010221,0.909227075,0.581203428,0.735231084,1.435097239,2.301326199,2.508284958,2.657293262,2.873252935,3.05732668,3.319589907,1.553230367,1148.247376,1616.986906,961.699762,427.5387006,71.87185256,31.31377595,4.59809157,6223
-4.270843106,4.541711604,0.142781361,0.797306479,18.27417346,-139444.2554,278.1430859,-10.18941182,73.812202,383.4924128,406.4712357,333.9879091,2,4,5,21,3,1.5828315,28,11,1,1.1891534,-2.4815154,-0.65527254,2.6650083,-2.9726789,-0.66039294,0.70734155,2.6836095,-0.46592093,7,0.175,2,4,0.22499999,4097.232972,1387.847233,240.2085809,2709.385758,0.7577467,16,4.821309187,-3.566219617,-2.909292371,0.438824802,27.19816835,-298.100687,-315.0130097,-0.662450158,193.9109745,11.14924956,381439.3996,-71.85806849,-0.444691168,9.610956122,0.006169065,14.74421601,54.94574312,0.517904163,0.193164482,0.548968011,5.533288088,1.870991163,-0.86277938,-0.41193923,0.1150852,-2.1880748,-0.33640748,0.19310023,2.7499533,-0.55969876,-0.24073277,0.25253135,11.970129,5.7884436,-1.932479,-3.1185358,1.0191557,10.327931,8.699482,1.1119536,0.012091457,6.7818666,8.5664177,4.4090905,12,9,0,2,0.77353001,-4.3172402,1,0.396479734,28,4,-9.6859999,-3.3405743,0.092737772,0.10787567,152.11598,29.857702,54.937717,15.318564,58.776638,0,28.631105,40.567383,36.764713,13.566921,22.867195,6.7880106,0.72446471,0.28290659,0.090987138,133.99335,0.5,3631.668035,3112.84298,5448.646033,1504.211928,10.684,0.099834815,0.2770046,0.15469906,0.41644439,131.19798,73.270279,270.51129,342.43307,0,0.11231749,0.6111111,92.310745,55.318733,29.804539,18.868406,37.736813,6.5549331,23.862217,98.814087,37.920593,68.122292,211.71822,0,2.705370187,1.445891069,0.33426812,36.297226,41.167557,70.2752,66.693802,3.86080003,0.080883328,2.575827329,2.13623747,0.256423257,0.06351962,1020.988809,105.4596373,1.316659289,1.504999978,1.834049716,1.104877519,2.321387493,2.233867888,-3.040044715,-10.12195404,1.372443254,184.4707412,183.9787364,8.741152749,0.25254213,1.064207997,0.698357426,0.503581312,0.707279403,1.559104661,2.358836352,2.712165761,2.860324917,3.029644015,3.161277541,3.14450379,1.517620119,1019.460246,1453.30219,839.3856721,376.5003535,69.4065314,31.80947833,5.153923199,4321
-1.327176757,4.659329759,0.082919733,0.865469776,18.63900722,-98475.72264,454.8020319,-13.02591973,67.777,278.4699065,601.5723941,86.44471189,2,3,0,15,2,1.3473561,29,3,0,1.3464439,-2.7535603,-0.54745948,2.6918259,-2.8685803,-0.43931139,0.70600218,2.6108394,-0.40069482,5,0.16129032,2,6,0.16129032,1496.775761,659.1487173,83.16658001,837.6270119,0.67978525,14,3.723176284,2.189025427,1.154350353,0.661679578,15.48819267,14.89507718,-48.02298553,0.008722285,64.9260704,-33.34087492,266556.8813,-130.1844241,0.768499765,10.09906737,0.004670393,5.30881194,67.26636109,0.40477119,0.283864537,0.874354426,2.175645104,0.958042816,-0.89761955,-0.34961176,0.03897018,-1.4249266,-0.23832294,0.13878997,2.8709126,-0.61048293,-0.18085508,0.16626714,0,20.041065,3.4444427,-4.8612146,2.0011785,14,9.9281979,1.009166,0.00070293,5.0237813,7.0673494,4.2428102,3,0,1,1,5.5910001,-4.3463998,0,0.232499599,22,1,-3.375,-1.2451708,0.07148654,0.26687777,76.557686,189.54305,23.238689,8.6756124,26.460169,0,0,43.464264,73.529427,0,0,0,0.94006336,0.26501003,0,116.99368,0.5,1862.427632,2611.031959,3823.825268,2077.887382,5.375,0.29985186,0.36528987,0,0.30515078,161.26411,0,134.71457,280.20477,0,0.095627904,0.5714286,0,36.879158,4.115149,98.691559,36.511589,66.931625,1.8990928,0,3.1243138,8.8322506,194.87141,162.86644,2.198268194,1.251721334,0.39893496,0,0,0,0,0.286818733,0,2.470802936,1.615786671,0,0,1231.897807,118.6421382,1.450922618,2.233046356,2.397966236,1.500212548,1.050403794,1.50040919,-2.927490168,-2.144347466,1.347945326,120.4967122,43.15420671,0,0,0.286818733,0.309298672,0.686815688,0.157873159,0.983915263,2.264721608,2.694567481,0,0,0,0,1.506216581,477.6184024,1115.014407,485.9615726,68.96991734,0,0,0,2158
-0.31701019,4.614282116,0.111208099,0.782019176,15.51606899,-137376.7968,-53.70257681,-8.525016108,67.10064438,268.8474727,432.054409,294.1935975,3,5,4.833517089,12,1.957001103,1.62974721,28.74751929,4,6,1.7283894,-2.632560212,-0.683917464,2.618178127,-3.411722434,-0.713331037,0.675319065,2.490169694,-0.562785308,12,0.35294119,2,8,0.35294119,2431.491066,1664.743328,68.48490012,766.747774,0.770160269,17,9.121533069,0.36939361,-7.292746322,-1.638483752,21.29816717,42.23665212,-121.5442873,-1.266579832,93.53327051,36.04441707,246080.4372,-229.2343872,1.939233394,10.59282154,0.005634017,17.23211852,65.45344895,0.370533065,0.275412827,0.595028665,3.352396993,2.287175172,-1.037251337,-0.414764006,0.186182917,-2.247904878,-0.369290079,0.144269701,2.815212485,-0.636058374,-0.250809508,0.229962455,12.60996263,15.36462377,-1.958787204,0.718651031,1.049319845,7.751866516,7.644005527,3.129188735,0.723737625,6.3720703,10.185787,6.5977902,10,8.747519294,1,1,-0.389652696,-2.150098309,0,0.375356975,16,3,-8.279779491,-4.246397899,0.069673439,0.186059004,35.56722924,161.8995076,43.4260295,16.917038,28.80979133,0,33.73483493,34.19753309,14.82208345,10.23042485,0,27.407623,0.712376468,0.280383837,0.147201241,124.7479568,0.47058824,3284.613897,4932.410365,2354.581928,2208.194494,9.027298744,0.109540273,0.280383837,0.147201241,0.463033126,124.7479568,65.49791759,271.624759,320.3544289,1,0.055807632,0.645948181,47.396725,152.48999,60.466732,0,0,9.658520845,99.34916318,106.0849948,0.774442393,41.534996,70.572739,0,2.471904281,1.397946045,0.35236704,43.54278706,11.12080751,22.48596045,27.1474641,2.075088141,0.059761712,2.592917895,2.179525908,0.211838484,0.030806858,864.4113235,61.76603591,0.668416232,0.694812803,0.676878273,1.644577999,3.271883786,4.102899425,-2.872756425,-7.446641149,1.427074261,395.8225904,347.2830462,5.768737311,0.293233862,0.751261688,1.092246194,0.778090094,0.703016377,1.121015328,1.415183559,1.41867856,1.378489538,1.523773176,1.956609793,2.93988432,1.426442131,1015.60364,1200.142451,593.01496,224.8152356,27.79002134,5.870038767,0.090643857,2996
-2.820435332,6.161295577,0.051067512,0.863772161,25.39515794,-131169.6413,812.0977078,-15.76009121,84.52766379,385.9348641,644.5541543,243.9448815,1,2,0.239422085,17,5.521155831,1.377522699,41.76057792,6,1,1.392584699,-2.677015345,-0.536045789,2.658132916,-3.4721754,-0.484567173,0.573886315,2.463404525,-0.441517399,12,0.32432431,2,7,0.37190752,4096.116389,1183.81781,212.6719496,2912.298583,0.66604999,22,6.812393728,0.96603336,-2.66485236,0.318081681,11.93523028,26.0352957,-259.5470816,-0.158805086,85.2667907,-8.175357263,231416.405,-343.2152943,0.678937284,6.973126537,0.007255735,3.542813217,57.6329174,0.434288621,0.195143739,0.725624005,4.605365847,1.333275811,-0.888069253,-0.346260989,0.13295811,-2.25961923,-0.300813668,0.153056511,2.754586648,-0.630745584,-0.200510648,0.143380571,1.10654259,26.93909696,-3.625808335,0.267272596,3.879269448,8.030477077,12.11024853,1.491538561,0.373851564,10.001723,11.597183,7.4288621,7,7.760577915,1,1,4.087114575,-6.575269453,0,0.200462399,19,3,-6.832253742,-2.702130704,0.054049056,0.168366594,42.56855592,274.4154092,19.59630592,4.12716412,0,19.70185632,62.7613573,70.59533186,51.95371014,0,0,13.31135569,0.822704545,0.248545722,0.030922246,139.9565707,0.5,3265.806445,11581.44265,3934.083549,2832.718174,10.59459227,0.140363955,0.255446699,0.030922246,0.417288274,143.844885,17.40753646,252.4012317,419.2823343,0,0.069121531,0.82857144,4.6558404,73.758316,6.37115,145.1149242,37.736813,0,15.755974,59.77979146,31.70932869,25.14510385,214.16866,131.58875,2.549952555,1.254101239,0.32906306,1.36053424,41.24165387,45.48959805,41.801922,1.11908843,0.345088477,2.460111093,1.766563333,0.015152487,0.000219325,1342.612149,108.8986223,3.83147424,3.02216574,4.552664757,2.367696326,2.343832571,2.8521457,-2.578356852,-5.004289052,1.492089328,113.0055473,-5.836473701,-0.009979212,0.034844031,0.441769445,0.83564751,1.054864184,0.235664952,0.556973145,0.80419422,0.964253115,0.942546326,2.39759202,1.266233003,0.14617775,1.472068249,829.5479045,1547.237618,862.5932079,344.6583476,47.57637334,14.47011555,0.064744251,4693
-2.236352695,7.159266121,0.026009046,0.923681692,22.49397079,-131188.7864,814.2304581,-15.63102064,84.5728847,398.8213745,664.3417771,251.8067745,1,2,0.171603677,17,5.656792646,1.377082232,41.82839632,6,1,1.292141308,-2.677016328,-0.535987563,2.658107767,-3.4721754,-0.513893448,0.562649874,2.462072896,-0.466520116,12,0.32432431,2,7,0.373740451,4258.455533,1212.189374,221.4456198,3046.266164,0.665900477,24,5.999328617,-0.449429957,4.335172576,-1.41256279,11.93539778,33.63392094,-253.7889913,-0.120203977,8.927732071,21.63639943,274234.9934,-345.0185938,0.641892879,7.053125585,0.008234532,3.384168628,57.59568178,0.435193578,0.193606685,0.725232355,4.644517466,1.323086919,-0.888044737,-0.345848595,0.132618818,-2.259607887,-0.299808025,0.16445385,2.726255949,-0.630735006,-0.210605272,0.143382338,0.879211046,27.2115485,-3.834092686,0.332491863,3.9173038,8.164280769,12.61596134,1.362869983,0.307934091,10.001723,11.597183,7.4288621,7,7.828396323,1,1,4.021863208,-6.573615348,0,0.11331365,19,3,-6.833881363,-2.692664602,0.053520606,0.168950005,41.52409358,275.4598724,18.83737976,2.95810865,0,20.46078241,64.51494037,69.32345313,53.22558887,0,0,13.38632446,0.818965703,0.247783684,0.030240986,139.5804708,0.5,2652.240335,19922.49829,3541.022104,1117.360184,10.66410616,0.140330455,0.254948838,0.030240986,0.418174346,143.6185655,17.03143694,252.6096587,419.7170815,0,0.068643925,0.48571429,4.6558404,73.758316,6.37115,143.976557,37.736813,0,15.755974,60.78936584,32.93078907,22.91406909,214.16866,131.58875,2.315786691,1.181363001,0.32906306,0.975150972,42.83030454,45.87498123,41.801922,1.087656814,0.361387218,2.523812786,1.840324459,0.007105345,1.04E-07,1405.66807,114.8145398,3.417228498,4.20061514,4.525354292,4.849911534,4.758989461,4.388019811,-2.49059961,-4.544172132,1.517034601,127.9431116,7.491324942,-0.0048691,0.02748552,0.392484969,0.935326616,1.067558828,0.235853439,0.546246727,0.825542777,1.085430706,1.035407155,3.144775875,0.023055409,0.003502216,1.450018249,883.3402343,1622.080152,906.0236052,342.6985415,45.75205957,13.11461027,0.004923822,5053
-0.538710827,4.754625496,0.014316365,0.91080439,8.048344234,-84977.89067,387.5518703,-13.39583332,48.884274,382.3989702,337.5872033,249.370481,1,3,0,17,4,1.5010325,18,4,1,1.4330318,-2.2180307,-0.63236123,2.2783453,-2.9275155,-0.51324898,0.80591482,2.4308782,-0.47501791,4,0.16,2,2,0.16,2616.373752,990.0642108,177.8402494,1626.309522,0.71554041,14,2.698337021,0.630172701,2.430250541,0.127820498,3.624855211,-59.53431541,-151.9263928,0.013278697,7.551371917,16.99803034,289794.1962,-130.4293699,-0.15963659,5.13008629,0.003354017,11.43069593,38.03728619,0.651503899,0.348496101,0.575143645,4.457589647,1.686721164,-0.82920158,-0.38435954,0.14103027,-2.1881797,-0.32101408,1.64E-01,2.5728197,-0.55981624,-0.21202233,0.19305076,0.33358958,4.9454083,-2.0697672,-0.98724765,1.9998701,10.886356,14,1.0012931,7.74E-05,4.3456788,5.0088668,2.5079539,5,8,1,1,2.7679999,-6.6308699,0,0.10335705,19,1,-4.8400002,-2.0190411,0.074901022,0.22527571,4.4170794,47.070938,16.917038,0,0,22.381124,68.952103,73.529427,49.019615,0,0,26.604477,0.61322033,0.48702452,0.093476713,151.65727,0.5,710.8079843,5830.529637,960.7984406,134.5910411,6.842,0.15578513,0.50120932,0.093476713,0.29330292,156.07436,29.108234,120.44146,155.32121,0,0.1068401,0.2173913,4.6558404,0,6.37115,9.5073462,0,0,9.5073462,63.343933,0,83.063164,176.43184,0,1.811545463,0.583073322,0.45137304,0,70.969955,70.969955,41.801922,2.275586366,0.217277951,2.825999492,2.558136731,0.038526475,0,905.833408,99.7917834,2.347097248,4.207891308,2.513797047,6.666409324,19.00219258,12.8379761,-2.218441399,-4.955963171,1.327238488,69.8751758,-2.74979669,-1.25,0.070370948,0.240810011,0.538993949,0.372083991,0.505112631,0.944485396,1.507543859,1.84391956,2.037104033,2.868822146,0,0,1.398477764,804.4166242,1291.958101,813.5002009,334.5416611,56.66666162,22.83332938,1.25,1357
-0.766363243,3.553426478,0.102966877,0.669894388,1.940283475,-82947.02549,104.4077712,-7.248167237,54.262653,298.9459897,416.3060164,145.5594758,2,2,0,12,0,1.2866926,21,3,0,1.6544319,-2.5763636,-0.62262267,2.5158913,-2.545254,-0.5165441,0.77933174,2.6418929,-0.47640479,2,0.074074075,3,3,0.074074075,1327.021288,746.262971,130.8308861,580.7582969,0.67765987,9,0.384232534,0.134359185,-0.198758452,-0.071035648,6.94433232,-55.53180276,-3.32509755,-0.127556336,14.26028482,54.71820291,318527.1167,-10.4778992,0.49910017,8.75270971,0.004376357,16.84297499,62.68460453,0.532069585,0.299200882,0.740932112,2.361856925,1.328152734,-0.81928474,-0.3894147,0.072381258,-1.3395193,-0.26477703,0.15665828,2.92,-0.508,-0.20812356,0.18492624,1.966548,3.4082842,3.8828735,-5.0058384,0,28.940132,14,1,77.793243,3.2410715,4.8582897,2.3845427,3,4,1,0,4.3109999,-4.68506,1,0.402069661,22,0,-4.4390001,-1.5100775,0.082062885,0.20015842,65.582848,46.919247,34.476051,0,0,0,0,55.645233,104.53201,0,0,0,0.95848989,0.54134923,0.041510135,173.47948,0.44444445,1545.729989,1335.672739,1417.646724,1229.440981,4.4390001,0.20274837,0.47595453,0.079752021,0.14875095,152.52325,25.557142,73.225517,167.93436,1,0.094615906,0.79166669,0,18.439579,6.37115,5.9423227,0,38.839512,0,0,3.1243138,41.167431,226.97221,33.326015,2.439393633,0.963403261,0.44886449,0,0,35.484978,0,2.370003467,0.522460431,2.63999335,2.027182785,0.003393663,0,887.9965692,93.69744693,1.989696828,0.54440215,1.802750628,3.943809254,0.54440215,3.958444346,-2.921333126,-4.473115519,1.269836764,75.83717698,1.573300894,0,0.031269881,0.381552619,0.523504432,0.752159867,0.389083809,1.136200063,1.486819304,1.878811309,2.041579999,5.747311008,0,0,1.479547226,579.0656342,1065.035815,573.2428463,204.5308912,26.94284402,8.254296498,0,1150
0.51342225,6.324867131,0.009576667,0.952270048,36.8031333,-117560.6423,325.290299,-10.19846349,68.18819069,343.1457753,549.8296074,185.5997323,2.364025696,3.364025696,3.994646681,21.1862955,1.380085653,1.486272191,25.1745182,6,1,1.007172743,-2.770744489,-0.629542495,2.7296343,-3.487282993,-0.613633868,0.750488824,2.494892406,-0.508574582,2.687366167,0.072631516,1.250535332,2.968950749,0.072631516,2307.757009,1241.449537,118.6600635,1066.307474,0.723548245,19,9.288415736,-8.405853889,-2.705614046,-0.303339653,20.3901466,46.39775953,-5.481333256,-0.849054072,17.16130896,8.18301492,97723.05903,-111.5184045,-1.057003218,9.997845535,0.005974993,9.798657753,59.639312,0.466544308,0.30527456,0.74761567,3.137375878,1.68835473,-0.883880684,-0.408586503,0.111700532,-2.220314436,-0.340139217,0.162788884,2.81,-0.626,-0.222296279,0.2058182,5.912036853,13.05663585,1.191078651,-3.571216367,1.391249125,8.103664414,7.387623228,12.77035387,1.47596507,4.7662525,6.620568387,3.256473214,7,4.174518201,1,0.004282655,3.810740953,-6.906245533,0,0.056460251,32.31263383,1.004282655,-5.53604814,-2.370794334,0.097757908,0.148967127,36.53866881,174.853929,21.97135081,18.17048106,7.096487223,2.300415315,11.89497584,121.210606,0,0,8.562308001,4.241478514,0.904000344,0.338520698,0.044509367,139.5563836,0.47368422,949.1026604,13025.20361,3081.533147,925.6855752,6.710253734,0.17306473,0.365281532,0.044017295,0.317047677,150.6193603,18.14293071,148.9298531,261.7633357,0,0.08416714,0.449210385,38.00946352,73.758316,0,34.6208917,0,8.084607644,13.93800082,42.41873057,31.4476491,32.2811657,176.43184,32.897186,1.727809887,0.631538902,0.37432221,4.241478514,2.33630534,5.88943641,25.02554384,4.799725016,0.176998522,2.679284157,2.200190713,0.041034907,0,1171.729374,136.1741276,2.315731005,2.858188252,2.614698576,1.96123058,2.362449106,2.60583611,-2.419204814,-5.354156832,1.404864184,257.1431877,182.9975929,0,0.065985509,0.81403182,0.419367083,1.059526824,0.837364438,1.961877701,2.630821869,3.472761347,4.006618025,4.825563904,3.917092375,0,1.450696203,914.1073454,1357.637698,711.3347559,212.5853992,25.86086791,7.667858694,0,3314
-0.903029058,5.682631984,0.041279508,0.866999215,24.83776895,-130760.7294,278.5046253,-10.039443,68.951828,476.5734238,423.2898871,351.6925804,2,4,5,22,3,1.5884463,25,10,1,1.2580637,-2.4525402,-0.62319237,2.3814812,-2.9726794,-0.52366358,0.76982844,2.4858701,-0.46508709,6,0.16216215,2,4,0.21621622,5072.647527,1730.199914,297.1851479,3342.447618,0.75077736,18,5.313951194,-3.884791809,-3.266061519,-0.453661649,16.34054324,-150.7613767,-174.3849575,-0.566650866,71.74126411,-42.01665367,230081.2141,-97.80441929,2.772944191,11.19241722,0.005490398,26.16874359,74.18083744,0.614947496,0.231448991,0.546148963,6.545501177,2.2323255,-0.82388401,-0.39115494,0.079807043,-2.1880748,-0.34470546,0.15335928,2.7184331,-0.55969614,-0.21342221,0.21412337,12.062948,6.4699368,-1.17916,-3.3359745,1.0509211,11.15428,8.2745638,1.2525313,0.03107282,7.0715079,7.9966393,4.1294494,11,8,0,2,1.21306,-3.2080901,1,0.1705275,24,3,-9.6450005,-3.1011102,0.098152764,0.10014447,89.715332,51.787575,54.937717,6.6995511,43.095066,0,28.631105,85.45063,49.019615,13.566921,11.502043,18.153162,0.75382435,0.409982,0.092210874,190.99461,0.5,2422.988632,11135.32342,2609.899877,1059.865769,10.644,0.1002592,0.31021538,0.12133312,0.44311985,144.51723,56.524364,262.9566,321.34372,0,0.11273957,0.35294119,92.310745,0,29.804539,65.794373,0,25.852165,23.862217,98.814087,21.135065,68.551125,209.26778,65.794373,2.586571301,0.985851786,0.34317648,36.297226,41.167557,64.592621,51.01223,3.813276584,0.076342178,2.65470127,2.287021283,0.220642588,0.040533917,1131.671833,131.3117921,1.513324566,1.752091911,2.488070582,0.601032891,0.68209523,0.754838219,-2.908579861,-9.952167655,1.447269458,253.1691138,234.5387886,3.766657197,0.207202612,0.950085914,1.079444153,0.540146054,0.60622995,1.03669377,1.87597144,2.446464604,2.875803254,3.606603229,4.658078519,4.156944363,1.4285845,1120.586763,1540.358566,867.5696547,348.021831,59.28518584,27.46730043,4.959151678,3950
-4.194929831,6.108583893,0.033240591,0.888904032,28.45198387,-134339.8893,324.4207675,-10.0817393,72.11338085,479.7197867,451.3742866,355.4383411,1.898063201,3.898063201,3.898063201,23,3.203873598,1.572271929,27.1019368,10,1,1.2201145,-2.452742926,-0.644405066,2.381536046,-2.9726794,-0.539834016,0.802069429,2.487929613,-0.499859233,7,0.18421052,2,4,0.23684211,5088.048493,1976.163612,271.2926309,3111.884872,0.740693231,19,6.250135868,-4.118109145,-0.278082362,-0.218196433,17.47289129,-183.0793812,-213.5947832,-0.585254557,25.17930727,23.22596955,198548.2345,-100.2090126,1.992621892,11.39384542,0.005850426,26.20245806,69.69360976,0.59454432,0.2583603,0.559487947,6.305252218,2.449529009,-0.83359959,-0.384709399,0.083589644,-2.1880751,-0.30850324,0.16445385,2.73,-0.56,-0.216285147,0.213049389,10.23678452,6.83335041,-0.583610318,-3.58555462,1.267552931,10.68133177,7.570278046,2.043995522,0.253633425,7.5294118,8.4417458,4.3889971,11,8.101936799,0,2,1.63459524,-4.228493692,1,0.140393252,24,3,-9.4905655,-3.19741567,0.093918397,0.097147998,92.31790506,41.78425871,82.80698168,7.134350886,45.25989036,0,29.5096996,97.705536,49.019615,13.566921,16.61931052,6.7880106,0.775186587,0.397336828,0.074045439,197.0016311,0.47368422,2373.852888,13682.85401,2035.869271,1914.824162,10.59150255,0.101910604,0.346090431,0.13175927,0.396800521,171.5797639,65.31537324,262.0748653,324.2349505,0,0.113473236,0.54285717,75.7132458,0,29.804539,65.794373,0,25.852165,25.5732802,82.2165868,21.135065,67.019592,243.69649,65.794373,2.523311227,0.956883539,0.33549348,30.03538549,41.74682051,65.17188491,75.80275,5.450647638,0.092036913,2.636003053,2.278825053,0.185045332,0.038466593,1260.941477,148.532059,1.359468145,1.655211659,1.729281284,0.532191832,0.601600237,0.849714011,-2.860673773,-10.02340165,1.459168711,229.5750517,159.4711794,3.775234123,0.164270634,1.27839045,1.948046009,1.117128247,0.652088669,1.175000495,2.85390317,3.757158656,4.189642677,4.970126582,5.560464738,4.653996738,1.441137917,1083.388302,1592.555382,899.8985889,354.592064,59.35425279,27.2494261,4.920913745,4425
-4.174183541,5.565776421,0.03950087,0.859647263,22.7515747,-127804.932,284.3424747,-9.684402994,67.20338104,461.9468436,399.22,362.779999,2.965341488,4.965341488,4.965341488,21,3.034658512,1.591948263,25.01732926,10,1,1.265990982,-2.452524318,-0.646203724,2.381539836,-2.9726794,-0.538210045,0.793768175,2.487120378,-0.49954444,6,0.16666667,2,4,0.22222222,4688.941426,1654.015846,280.804744,3034.925597,0.752746207,17,5.263597686,-3.519744101,-3.343148812,-0.253657102,15.04525519,-196.8841096,-238.3830205,-0.597603499,101.8870836,-43.30741487,183932.4808,-103.0683665,0.860275001,10.7800576,0.006050258,26.26173476,61.56945587,0.606227988,0.23770096,0.523881091,6.153365762,2.170446645,-0.839165948,-0.392981706,0.080634123,-2.1880748,-0.31902673,0.164519272,2.72,-0.56,-0.216074222,0.224477044,10.43486076,5.476530268,-1.708729402,-2.79236042,1.087990003,11.06341484,8.046085253,2.784534628,0.491012091,6.6115704,7.5584393,3.8751962,11,9.017329256,0,2,1.227061091,-4.328167245,1,0.174452882,23,2,-9.132414581,-3.177253343,0.096023214,0.108197251,56.4358714,63.89351243,59.12918605,15.47531537,43.46308614,0,28.9298272,85.2382616,49.019615,13.566921,17.09088962,6.7880106,0.757540736,0.409184618,0.082472978,185.1404588,0.47058824,2331.51908,10456.46975,2390.474351,975.3220874,10.14874414,0.105893909,0.321185418,0.11215998,0.461870215,145.3243813,50.74805862,259.7332291,307.142877,0,0.118284734,0.27272728,75.23433426,0,29.804539,65.794373,0,25.852165,24.15309774,81.73767626,37.920593,68.551125,191.62459,65.794373,2.588100904,0.953492295,0.3512581,24.932074,41.36450659,64.78957059,75.80275,4.411287303,0.083851531,2.663511942,2.295431212,0.202432826,0.041168156,1116.886648,133.790417,1.126549177,1.208735336,1.501356172,0.588104057,0.629039015,0.772088659,-2.894845211,-9.980493384,1.439498598,206.8038124,163.4213925,3.682961218,0.191905631,0.985570026,1.257393897,0.795829849,0.639618303,1.034831213,2.011652764,2.799706726,3.432241252,4.306494424,4.782805272,3.969773414,1.426068664,1086.563827,1546.41147,903.0929785,388.9982267,65.46340057,29.04609229,4.927981872,3609
-3.696508481,6.36545596,0.030943952,0.901637634,27.97269686,-141523.91,204.8960292,-9.369504245,76.841377,410.7406042,481.3378891,357.6165748,2,4,4,18,3,1.5782609,32,9,2,1.2103125,-2.6658232,-0.58126014,2.5980337,-2.9726794,-0.52365714,0.70664853,2.5288355,-0.42683852,7,0.17948718,2,4,0.23076923,4498.431077,1747.956093,235.1195766,2750.474986,0.73451096,20,6.197490126,-4.772392119,-0.169653566,0.169358607,18.99264403,-148.2904056,-171.6375643,-1.082665977,14.34176252,24.75026764,211346.1229,-99.75564432,2.012909097,13.00379931,0.006474744,30.72062159,76.40848521,0.489588919,0.209313952,0.573702516,5.361977868,2.083301783,-0.82925808,-0.39077619,0.079807021,-2.1880753,-0.31298608,0.1523564,2.7785923,-0.55969632,-0.21342234,0.19305076,10.746143,7.4860778,-1.266445,-3.0830185,1.0450461,11.153335,8.3256178,1.2031006,0.027564988,8.0126028,9.5300913,5.3318019,11,8,0,2,1.27953,-4.12778,1,0.127979687,25,3,-9.9530001,-3.3226469,0.093122408,0.11352919,106.36925,81.087219,54.937717,6.6995511,43.095066,0,28.631105,97.705536,49.019615,13.566921,11.502043,6.7880106,0.79460293,0.37730026,0.066179186,194.38812,0.5,2439.532289,14962.71677,2655.509595,2299.712633,10.952,0.097156636,0.28708935,0.092512086,0.48392177,147.91074,47.662968,296.98334,367.29727,0,0.10956903,0.58333331,58.739685,78.731674,29.804539,65.794373,0,28.608913,34.862103,65.243027,24.259378,67.019592,192.48224,65.794373,2.447903924,1.006484066,0.3281796,27.435829,41.167557,64.592621,51.01223,5.890124646,0.092013278,2.597268255,2.209253218,0.166069778,0.037298341,1224.260833,134.3704252,1.532069143,2.261126842,2.427601862,0.562118915,0.629009114,0.778926898,-2.87381632,-9.92044191,1.474957141,267.3758755,180.8357039,3.947307787,0.161953246,0.829230612,1.008053219,0.611320063,0.566804554,1.399375341,2.963514652,3.906625936,5.074500677,6.303934161,6.013553081,5.109196009,1.445172517,1082.037587,1546.40597,851.2980411,339.9667923,59.11434027,27.40394025,4.843847712,4829
-4.081151968,4.840532058,0.049860937,0.797061246,19.3436523,-115346.9677,285.6751237,-10.26310466,58.82497229,407.608761,309.3171123,383.0523042,2.98989899,4.98989899,4.98989899,17,3.03030303,1.617278384,23.01010101,10,1,1.547431389,-2.451560883,-0.615672597,2.382284769,-2.972680392,-0.529242615,0.775793519,2.474585205,-0.48206802,6,0.19354838,2,4,0.25806451,4063.822354,1461.590549,244.6160838,2602.231787,0.761947773,15,4.491428145,-2.874844109,-3.218134074,-0.470018174,12.59827228,-189.898982,-239.2934879,-0.236911408,13.58200445,-15.21518684,429972.9745,-96.86640862,1.65694996,9.023425363,0.006430528,21.1749925,47.47190154,0.58874797,0.235364483,0.446792446,5.869557195,2.110471789,-0.836883539,-0.390443453,0.080652207,-2.188074177,-0.348749373,0.164394174,2.6515589,-0.5596966,-0.212591599,0.224558059,10.33197192,4.518104063,-2.626465597,-1.668233172,1.046486501,11.09530065,8.327864091,2.416280388,0.455836636,6.4910836,7.0266166,3.7118735,11,9.01010101,0,2,0.80453003,-2.655943536,1,0.241121667,18,2,-8.962159808,-2.942188473,0.101895971,0.105555669,57.10988083,35.2217701,65.72808753,15.25089177,43.56293165,0.087060735,28.631105,60.47135453,49.019615,13.566921,11.51182627,10.59756471,0.739555632,0.406050035,0.085643473,167.8905644,0.46666667,2174.276051,6626.989589,2131.462599,515.972884,9.971260551,0.107920086,0.318381529,0.149701274,0.509194201,131.6444615,61.89782419,272.440764,281.837831,0,0.120364316,0.37931034,75.23314419,0,29.804539,65.794373,0,25.423338,24.03176781,81.73648519,37.798073,63.834023,156.76704,65.794373,2.668260144,0.923839341,0.3796615,24.87467422,41.40417381,64.65002079,62.202793,3.473028482,0.077167811,2.671690449,2.261284958,0.23433862,0.045805688,969.6174152,108.5144956,2.456869805,2.044883641,2.032139709,0.544002861,0.656585875,0.794576229,-2.901203678,-9.972577603,1.408133353,188.2957805,151.861928,3.487611099,0.23350747,0.984342075,1.109413071,0.450223133,0.709104711,1.169517908,1.926234374,2.222205397,2.508557958,3.156922031,3.520766987,2.807548215,1.405554053,992.6395979,1401.483419,821.9833554,376.4805002,68.07380107,31.76947803,5.144153422,2445
-4.537651734,5.048252109,0.043340238,0.816892018,19.80616631,-115329.8727,233.691505,-9.958931565,63.231827,413.0203114,417.4066727,305.7147242,1,3,3,18,3,1.5570858,25,8,1,1.530737,-2.4527068,-0.64628428,2.3813674,-2.9726794,-0.53807992,0.79758459,2.485507,-0.49986199,6,0.1875,2,4,0.25,4007.949075,1665.138079,221.7350624,2342.811012,0.72990626,16,4.544713375,-2.900843525,-3.159801242,0.800623678,13.72751864,-189.0917841,-218.634822,-0.596504084,100.1118127,10.8562051,271606.1021,-91.32213824,1.359185526,10.31193134,0.004810356,26.22458888,61.77909943,0.571164207,0.264510067,0.577201252,5.542577535,2.302560125,-0.82393217,-0.38730454,0.08029855,-2.1880746,-0.29300532,0.16445385,2.687068,-0.55969608,-0.21605732,0.19305076,8.1213932,4.9446917,-0.81170934,-2.7822866,1.0450183,11.153319,8.3258982,1.2029978,0.027547635,6.9976859,7.5579109,4.059803,9,8,1,1,1.79853,-3.90889,1,0.218007676,19,2,-8.7049999,-2.7764356,0.10659132,0.11185529,56.223503,38.388474,54.937717,6.6995511,43.095066,0,28.631105,73.195724,85.784325,13.566921,11.502043,6.7880106,0.76090038,0.47241917,0.073110901,204.13927,0.5,2200.801276,7712.896381,1996.169919,631.3182745,9.7040005,0.11108559,0.36486122,0.10450748,0.44671738,157.6619,45.159214,238.19235,274.45279,0,0.12366035,0.5,58.739685,0,29.804539,65.794373,0,25.852165,23.862217,65.243027,21.135065,64.262848,210.12543,65.794373,2.623565616,0.940929257,0.37005648,24.932074,41.167557,64.592621,51.01223,6.038644423,0.103643682,2.585822406,2.063545246,0.190255949,0.043738945,1092.846549,110.2463022,1.660421034,1.699069018,2.799418503,0.63735505,0.550652025,0.718287885,-2.879810031,-9.93515217,1.419330684,128.6402028,91.99668211,3.841905149,0.171337839,1.525587901,1.42057965,0.453355126,0.691940397,2.245531465,4.013944267,4.530015043,4.531418861,4.608122976,4.106173892,3.091140576,1.420527452,866.0842844,1399.541396,799.3423704,335.1382912,58.94829922,28.00947824,4.74608484,2720
0.239279333,3.663667458,0.096074894,0.917293156,3.685144106,-75328.80179,256.4277069,-10.99703408,49.875481,245.3693258,490.1208815,45.37269842,2,2,0,15,1,1.3829025,17,2,0,1.4246324,-2.4425237,-0.57381934,2.3689849,-2.4519594,-0.46018159,0.72057909,2.4947069,-0.40702155,1,0.039999999,2,2,0.039999999,825.1770377,478.849058,42.72478235,346.3279859,0.70948166,10,1.90117977,1.319409566,0.339153756,-0.065220635,11.98854487,7.979595721,2.021078771,0.046064462,23.99614466,-7.516705514,249274.2602,-57.16227539,-0.00637608,7.013424482,0.003426625,9.925175246,51.20375799,0.45823886,0.378441287,0.915291008,1.5410573,0.894256768,-0.82264483,-0.37227529,0.062994815,-1.424921,-0.23915546,0.14393297,2.7029681,-0.55082107,-0.18305391,0.17868598,0,8.2940426,4.9809465,-5.5086412,1.0011427,14,9.9415674,1.0089227,0.000681633,2.9219532,4.7112169,2.4546623,2,0,1,0,5.5929999,-4.37712,0,0.211646959,22,1,-2.3629999,-0.91995645,0.12082881,0.27534434,50.398659,59.715405,23.238689,8.6756124,26.460169,0,0,66.70295,73.529427,0,0,0,0.91429096,0.45423672,0,140.23238,0.5,804.2775592,2291.593255,1032.771583,783.0193768,3.3629999,0.2407956,0.52236211,0,0.200351,161.26411,0,61.852543,147.4568,0,0.15283972,0.45454547,0,0,4.115149,32.897186,17.643185,66.931625,1.8990928,0,3.1243138,8.8322506,176.00302,97.07206,1.653952892,1.121105442,0.47938794,0,0,0,0,0.261566166,0,2.563626768,1.745631005,0,0,989.526997,100.1110257,0.706960419,0.650195359,1.135264263,2.605881091,2.818142607,0.747203452,-2.732955539,-2.006178839,1.253526362,96.66652043,49.14517648,0,0,0.261566166,0.27743057,0.249728173,0.079407139,0.642859871,1.735097368,2.003896,0,0,0,0,1.474977799,398.8088506,904.2892933,395.3665708,47.57424798,0,0,0,1026
-4.175337721,4.54981477,0.237031221,0.809275062,6.896489084,-140252.6314,417.7908036,-12.72391494,84.91556169,427.6725656,639.9611952,119.4059897,1.215686275,2.215686275,2.215686275,29,3.568627451,1.425064398,31.78431373,6,1,1.0055005,-2.457600639,-0.602170264,2.488025278,-2.930055457,-0.495940948,0.752257338,2.437678161,-0.454120013,10,0.23255815,2,4,0.274053819,3771.074603,1570.124804,204.7189732,2200.949787,0.697815099,24,2.889161874,0.105981894,-2.061899793,-0.598137047,9.126711653,-71.91720906,-115.6043994,-0.12988602,20.54204806,41.9291328,558067.9198,-113.0176172,0.681707754,7.844827288,0.006450615,8.876106075,69.33042963,0.563218558,0.293439135,0.842779667,4.973916545,2.066606505,-0.832638759,-0.370948461,0.133769217,-2.188074851,-0.311347492,0.153062706,2.743147347,-0.560213138,-0.201631877,0.179196964,5.210998886,12.05654618,2.990043425,-5.387514394,1.9329267,8.0843126,7.900490745,1.670694976,0.37049858,9.2415085,10.732377,5.6810141,7,5.784313725,0.215686275,1.784313725,4.738176335,-7.566610531,0,0.475956679,31,3.784313725,-7.042823494,-2.792833153,0.066895585,0.162899504,107.309911,121.3184659,19.33068884,3.718005608,0,19.96747337,46.13706859,101.689849,76.17264029,0,0,24.70274684,0.81934485,0.393905713,0.054639621,206.5035424,0.5,4285.422344,5145.636267,3507.643751,2102.666798,8.828921639,0.114458687,0.39782178,0.054639621,0.188090104,208.5675253,28.64105757,127.2619071,315.7176318,0,0.082998686,0.84615386,38.226898,36.879158,12.7423,50.86456443,0,0,9.5073462,93.70419308,32.13682843,24.36426249,353.59882,0,2.629742773,1.728346318,0.31356117,12.59080565,41.79766678,45.62447857,41.801922,3.238215948,0.309094776,2.477619809,2.048602315,0.041285726,0.004007081,1258.876387,119.582621,1.33734003,1.886490438,1.305823936,1.85853537,4.532338262,3.561196802,-2.8382308,-6.194641464,1.322316384,157.8688075,71.06026445,0.798326392,0.054090091,0.410237051,0.521061628,0.516996558,0.401529465,0.946998284,1.552092396,2.303230545,2.942531966,3.777404356,3.532118059,1.810192803,1.639768004,802.1114822,1378.387838,740.6762619,236.6921913,26.36065287,8.521936644,0.050579291,6381
-5.220800924,5.871791695,0.113513567,0.849953982,27.06693904,-147268.723,799.0787928,-15.22699366,91.54709726,397.8003363,667.8751879,256.4048123,1,2,2.290635091,17,5.418729817,1.419904947,43.70936491,8,1,1.005237029,-2.764128073,-0.602162271,2.730302121,-3.44429602,-0.487508668,0.742312953,2.482579481,-0.442704428,10,0.23255815,2,4.074273412,0.272310823,4801.131737,1472.420828,221.7848205,3328.711085,0.689898724,24,7.627968038,-1.348925764,-1.054647488,4.97432433,14.50505991,197.5063223,-63.79104819,-0.196049949,66.09114708,-28.00191777,649448.8838,-327.9499716,1.9286628,10.34608448,0.007058375,-10.26055527,66.65261406,0.430430686,0.190450653,0.7226398,5.198678688,1.593263336,-0.87479349,-0.371178146,0.165629644,-2.249476314,-0.331724055,0.153370268,2.79356872,-0.63608778,-0.20109997,0.179188324,5.040572244,21.84312991,-4.785819802,1.225909358,3.871006567,8.035586405,8.734368661,2.235883004,0.675384299,9.2415085,12.431309,7.589551,9,9.709364909,0,2,1.710508073,-6.004538548,0,0.285937581,31,5.074273412,-8.36441993,-3.291839676,0.049739293,0.138198162,132.4512415,177.7542576,23.29808057,5.009975264,0,19.12875399,77.50617409,69.96772127,52.58132073,0,0,13.25474309,0.801340234,0.243768184,0.030789166,140.2591485,0.5,4350.021444,11700.71736,3892.21883,3154.31667,12.07549408,0.109166833,0.250324921,0.030789166,0.459441666,144.0343563,17.71011414,282.0842709,431.3732854,0,0.06062741,0.84615386,10.48071909,221.27493,6.37115,14.3858099,0,0,9.931095973,98.42099649,33.22973704,26.82986766,176.43184,0,2.633983831,1.635124397,0.31356117,1.651556054,50.63641026,55.7930003,41.801922,1.515093478,0.218153758,2.429472925,2.03656622,0.056713773,0.016056056,1340.519733,107.6381706,0.923405815,2.007120928,1.601032082,1.291032414,1.899951414,1.027794325,-2.815788924,-8.762186639,1.532017276,123.5537102,23.88842678,4.045198296,0.066598542,0.366660945,0.851950056,1.047939617,0.435850094,0.856636848,1.234468232,1.403896783,1.178166858,1.459881132,1.812440914,2.575825053,1.455254677,1012.908258,1699.694437,988.44458,405.0419604,52.04401311,12.52457296,0.009538585,6381
-5.357006363,6.195725926,0.086460672,0.843247452,27.62784759,-154432.0128,837.5430583,-15.37513026,97.74627547,379.4428488,738.5566533,238.3576928,1,2,2.272628135,17,5.45474373,1.39774722,47.72737186,8,1,0.99415921,-2.797238537,-0.506088716,2.755473389,-3.50933348,-0.484795282,0.571942028,2.489600159,-0.440924544,10,0.22222222,2,4.083969466,0.260608272,4622.956712,1482.906345,203.9797383,3140.050301,0.680294708,26,6.846257506,-0.425271394,-1.179163161,1.894643559,17.12573191,188.067438,-47.63702174,-0.179845778,83.71527068,-108.8776757,215921.357,-309.786933,2.350754182,11.33531695,0.008372767,-8.540196908,74.08246577,0.388518989,0.17967908,0.755812113,4.731458595,1.518514234,-0.885794743,-0.353890628,0.131853063,-2.259900074,-0.32742413,0.153051412,2.820890456,-0.630204225,-0.200663424,0.135848588,5.010194149,27.36642738,-3.958183495,-0.088174766,3.871356052,8.01881216,8.689477236,2.303522319,0.676866769,9.7419462,12.865585,8.048398,9,7.727371865,0,2,2.248830898,-6.265999255,0,0.268146481,31,5.727371865,-8.45145707,-3.272567557,0.049930206,0.139012046,134.0338183,244.5390328,22.18340537,4.699570883,0,19.33026195,61.90274722,73.63491736,52.36064717,0,0,13.27464859,0.843251824,0.227830347,0.027919739,143.5872452,0.5,5382.760073,14758.57747,3354.845194,3450.274418,12.18055616,0.113471741,0.228407227,0.027919739,0.466084262,143.9556983,17.59168676,311.3603938,486.3203782,0,0.060101435,0.85365856,10.904469,221.27493,6.37115,79.87792774,0,0,15.755974,65.53409844,31.11126281,26.23748947,176.43184,65.794373,2.947932123,1.645113809,0.30124658,1.549230153,40.46379994,45.30090217,41.801922,1.525588083,0.286401495,2.412672955,1.877186249,0.04100567,0.010006454,1503.99702,115.7207558,1.201736769,0.942503609,0.978393754,1.012150849,1.029585636,0.876906639,-2.644708014,-8.7193324,1.534512198,154.4542708,41.93663881,2.513305623,0.051783072,0.337650435,0.854079502,1.517744003,0.191498122,0.610841862,0.766038021,1.043077079,1.446089743,2.930663008,4.123888396,4.524235549,1.482902826,926.6256949,1679.84998,900.3933526,326.3757317,40.9988875,11.19280946,0.008919996,7439
-0.252894247,7.285146862,0.035343779,0.929913253,13.00431034,-146643.7626,360.4548823,-11.9502904,84.26348129,437.8322256,786.4681356,127.6006334,2,3,0.433,29,3.134,1.521327048,27.567,4,1,0.967390776,-2.357679518,-0.644949691,2.395913203,-2.895821329,-0.470672512,0.840644378,2.450520356,-0.432686641,8,0.18604651,2,2.954,0.222488377,3643.36664,2895.542421,12.77551817,755.267163,0.749664868,24,3.761045202,2.415686927,0.33213178,-0.056255666,8.261256784,-79.32757512,-102.0189309,-0.31926603,24.44077424,4.107028833,101326.5394,-97.08509766,0.062873627,8.887780125,0.006312727,10.31472954,74.39374184,0.478973886,0.469186585,0.860384735,3.986108615,3.167689261,-0.834964078,-0.39987727,0.119183182,-2.150255658,-0.263469341,0.225137426,2.728904352,-0.555355504,-0.198631919,0.297566264,2.205002374,9.153854429,5.9994607,-7.459257713,1.8011607,8.156353891,11.00932238,1.6879834,0.553090591,8.3062916,10.95743,6.3279753,5,5.567,0,2.613,8.106142807,-11.43383087,0,0.119135305,31,3.613,-6.751608036,-2.633525633,0.0713366,0.172807688,17.873652,103.01155,42.43492601,7.464065212,0,17.53561065,40.51797916,88.38278066,192.3256868,0,0,13.09736803,0.855171415,0.566652944,0.035021295,299.1895143,0.5,3299.898046,24051.21692,3792.971686,1678.755228,8.318175057,0.120819866,0.579744979,0.035021295,0.183194967,306.1110848,18.48105856,115.2288815,221.9162222,0,0.086196985,0.12820514,4.6558404,0,12.7423,16.77548032,0,115.17645,9.5073462,56.89810617,28.22284525,31.51327258,354.45648,78.297287,2.344015629,1.263846585,0.31356117,2.460555476,36.70707842,44.38957684,41.801922,1.379938541,0.450322112,2.531682721,2.000917031,0.01594248,6.76E-05,1652.575498,152.7144911,4.476513432,4.128347481,4.753953488,3.015717105,3.394180933,3.366358161,-2.710253339,-5.170575143,1.499814339,166.3207498,53.1198173,0.028927671,0.025749912,0.26445964,0.383648228,0.606006778,0.132770618,0.589752543,1.01500742,1.090775189,1.288736512,2.882867045,2.859750711,0.743675561,1.481553964,914.9551705,1712.381521,894.3567164,270.3165272,32.60011339,10.82917685,0.000645175,6609
-1.667994362,7.668645,0.043572566,0.917349601,14.26688015,-175011.004,753.8162138,-14.89507839,114.2178094,454.9264379,960.3163078,132.1206852,1.459752322,2.459752322,0.665634675,29,4.964396285,1.336915816,49.33436533,6,1,0.770544226,-2.787371424,-0.600630229,2.800886265,-3.424830605,-0.53807992,0.750307237,2.661601193,-0.494231391,10,0.18181819,2,3,0.21145511,5425.859996,2742.705913,134.9886689,2683.154109,0.676079845,30,4.685757241,2.225830651,0.971813772,-1.562306599,13.71415694,54.17596562,-148.973754,-0.271018744,25.31262006,15.43613644,128822.1467,-295.4647166,0.880096267,12.46185985,0.009030532,-4.066286141,92.31500715,0.416424159,0.292824179,0.879092302,4.965187218,2.510169901,-0.871939426,-0.380131709,0.12717587,-2.246037944,-0.291437853,0.163234094,2.945023588,-0.624120103,-0.21605732,0.192590555,2.084441712,23.93565019,1.854123179,-4.398935624,3.578115985,7.741729852,10.51406233,2.927813919,0.972983471,10.794771,13.890203,7.8477535,7,7.334365325,0,2,7.994273905,-10.82268483,0,0.143124024,43,4.205882353,-8.573066851,-3.28158888,0.052687532,0.138662011,70.09988219,163.5404812,72.31738529,6.377535935,0,18.24096252,56.83745366,92.20958364,180.6365209,0,0,13.16704464,0.862708511,0.429154934,0.026738312,290.9776108,0.5,5243.991422,27587.32782,7667.25239,3285.542651,11.90735759,0.110269244,0.399871203,0.026738312,0.252067939,271.2466548,18.13150876,189.1734905,407.1446691,0,0.061747746,0.180482722,5.579592712,73.758316,12.7423,15.71747218,75.473625,36.879158,14.83222174,58.76016464,29.35808011,29.43973133,465.21646,0,2.633132817,1.529110464,0.26834276,2.102377263,38.18358281,44.74775518,41.801922,1.425021496,0.401871411,2.431850809,1.910760191,0.020101395,0.002324639,1881.643706,164.2564812,2.720616485,3.571504629,3.504024334,2.587717342,4.234107885,2.834841729,-2.849936508,-6.689748718,1.552121805,174.1165057,22.39541966,-0.960535256,0.026597873,0.434857568,0.355911901,0.6350616,0.18218653,0.631547383,1.364332871,1.197226348,1.203423399,2.32891634,3.896072354,2.724210113,1.538330055,984.0403616,1916.430504,981.0856595,292.9506602,38.4427894,14.52991152,1.618780591,12691
-0.0216323,3.911434116,0.009954045,0.881762887,1.116330158,-70690.96954,214.2847745,-11.17961186,46.54852431,211.7908032,413.435954,115.404536,0.011,0.011,0.011,14,2.967,1.305000985,19.989,3,0,1.6312686,-2.470292996,-0.49130931,2.369519589,-2.540278062,-0.453423509,0.547948751,2.43887991,-0.254977675,2,0.090909094,0,4,0.090909094,825.7942395,307.9943911,105.9592887,517.7998683,0.663912623,10,0.810543285,-0.00888813,0.739419688,0.162569389,11.97720338,-31.08294159,-30.6523939,-0.457659336,-25.01833706,77.54376688,88213.33058,-59.80916752,0.563601026,6.220101429,0.003900613,5.757227626,60.23971455,0.40047357,0.200100917,0.781782874,1.561484842,0.582341678,-0.842469441,-0.405189869,0.011531585,-1.413623749,-0.29593452,0.086733727,2.696756713,-0.533809545,-0.153114684,0.132609573,1.391537263,8.377212459,2.5546653,-3.430138094,0.99540788,9.387290253,13.89730416,1.0297365,0.038017176,3.1224489,4.0956564,2.1256254,3,0.989,1,0,3.972554901,-3.65079839,1,0.1232602,16,0,-2.909851,-1.012029069,0.223747547,0.276751899,93.24101216,30.00509213,0,0,13.25171188,0,8.524203659,154.22928,0.269607888,0,0.197893547,0,0.926691377,0.516151642,0.00066235,154.6967804,0.5,501.0354364,3567.323267,415.4294089,92.32706878,3.898851,0.288049932,0.286878721,0.000210693,0.383283339,85.98222154,0.062508338,114.9405693,213.7365808,0,0.116955216,0.2,0.18464083,0,0,131.58875,0,5.513495,16.60088917,0.18464083,6.2486277,14.947698,123.50229,131.58875,1.753429287,0.420889036,0.49991596,0.062508338,5.620067862,5.620067862,0,3.902701902,2.543393806,2.582501783,1.529482751,0.000363419,0,924.917087,102.4238933,0.540126651,0.505451202,0.747694791,0.510902407,0.709451582,0.807848412,-2.467783902,-3.56989943,1.26709271,107.3553134,21.03756881,0,0.005492528,0.082493704,0.880669436,0.462748381,0.072235428,0.138809096,1.658843425,3.868840616,3.966705218,0.041075323,0.03977857,0,1.429884071,366.0590602,843.8469211,353.1137179,78.10831295,8.365266264,3.255388296,0,805
-0.475941222,4.208828599,0.357430695,0.798923421,4.795746357,-137254.0962,409.7558448,-12.90690716,87.58620746,386.6007097,614.9973604,102.2595479,2,3,0.190091001,29,3.619817998,1.341829369,33.809909,4,1,1.005499978,-2.463839279,-0.610853902,2.486747764,-2.930051512,-0.50807647,0.80108429,2.441410113,-0.462772925,10,0.23255815,2,4,0.274649058,3289.661126,1612.767675,145.9963942,1676.893501,0.678448718,24,2.775746014,-0.516724067,-2.025678397,-0.395511102,8.583201551,-55.19779861,-99.63715433,-0.11704467,95.49393647,65.46643469,444690.5462,-109.7472382,-0.291386555,8.668092776,0.006550682,8.06884099,65.30788592,0.53913125,0.335141533,0.857277919,4.5930271,2.24653242,-0.832258705,-0.389998692,0.132776589,-2.188092441,-0.26386139,0.163208817,2.760395102,-0.560216393,-0.204601994,0.19305076,0.955017779,10.88728623,4.4870343,-6.114120218,1.9106259,8.143495111,12.47377861,1.3585668,0.323068294,9.2415085,10.81142,5.7637482,5,5.809908999,0.190091001,1.809908999,7.207478218,-10.08226632,0,0.609519242,31,4,-6.703437978,-2.706016457,0.067774753,0.168125542,40.15477236,130.2434251,19.04426332,3.276793618,0,20.25389887,46.79888657,77.27099771,173.8981981,0,0,13.36588794,0.840630898,0.50810446,0.032455678,268.3031627,0.5,4544.566118,4032.503168,3189.005342,1922.061903,8.515156705,0.120039545,0.512523186,0.032455678,0.18715937,270.6463784,17.13396181,115.9754195,257.4288292,0,0.08605437,0.84615386,4.6558404,36.879158,12.7423,50.4349342,0,0,9.5073462,60.51415548,32.5978185,23.52225002,390.60049,0,2.634730278,1.839867799,0.31356117,1.080206598,42.39723776,45.76992563,41.801922,1.602809774,1.237827939,2.478932119,2.079773603,0.006303068,0.001630382,1244.084445,130.9747887,1.080843185,1.237704311,0.936382309,0.807383019,1.326221725,1.392388648,-2.811992115,-7.632003974,1.248374388,102.899002,-19.98834991,0.029622131,0.016909376,0.31727076,0.157910557,0.390167625,0.0621067,0.400376864,0.603091837,1.135640869,1.330392514,1.115898724,0.90575354,0.727386879,1.740488019,698.4930824,1312.908331,718.8275703,225.1489599,23.487615,7.057753799,0.536773074,6381
-0.460607908,6.90823832,0.03805856,0.927226215,8.278292477,-137273.5849,403.5050982,-12.73352074,87.62382975,469.4302963,776.9282066,124.2550065,2,3,0.133668342,29,3.732663317,1.341651198,33.86633166,4,1,0.933504937,-2.463810579,-0.645055509,2.486363103,-2.930062286,-0.53807992,0.80591482,2.439922713,-0.49986199,10,0.23255815,2,4,0.275961213,4024.481056,2101.869017,155.935273,1922.612055,0.678327251,26,2.646679518,0.74499309,-0.909480276,-0.228505348,8.168558574,-47.69718813,-87.64477087,-0.085537177,59.34671101,0.721359443,251230.3929,-110.7010099,-0.25720423,8.887948341,0.006806465,7.054157045,70.75342778,0.520938848,0.347731437,0.862146494,4.466990648,2.331426416,-0.831218828,-0.389998386,0.133533091,-2.187952444,-0.26386139,0.16445385,2.732470991,-0.560188803,-0.21605732,0.19305076,0.761692866,11.13057333,4.2485576,-6.065393515,1.9405211,8.294354477,12.90229609,1.2560105,0.258477267,9.2415085,10.81142,5.7637482,5,5.866331658,0.133668342,1.866331658,7.140756757,-10.08089017,0,0.123166362,31,4,-6.704792133,-2.69710072,0.066955921,0.168671511,39.77676587,131.1123826,18.412862,2.30417835,0,20.88530013,48.25780948,75.83340769,174.8448357,0,0,13.42825947,0.837305384,0.506409263,0.031850303,267.4993102,0.5,2859.033311,20128.22773,3062.466704,1422.365069,8.572989936,0.119542843,0.511996428,0.031850303,0.188021929,270.4580886,16.82105952,116.1488244,257.7905244,0,0.085422783,0.53846157,4.6558404,36.879158,12.7423,49.48784996,0,0.00E+00,9.5073462,61.35408779,33.61403291,21.6661033,390.60049,0,2.257912635,1.291549061,0.31356117,0.759580537,43.71894227,46.09055162,41.801922,1.423100436,0.487490589,2.507200786,1.953392986,0.008828735,1.19E-09,1551.635851,131.8715043,3.540082842,3.208222726,3.865238866,4.187249122,4.392085372,4.177402813,-2.632763696,-4.687958644,1.473308806,138.5033396,23.03902144,-0.001608181,0.022494924,0.338055157,0.468463436,0.763224361,0.199295392,0.516549609,0.9488088,0.937498346,1.227041293,3.101149217,0.683759269,9.83E-05,1.50547695,846.3429938,1629.538453,871.443946,267.8620771,33.21411646,10.49084907,0.00161018,6865
-0.886974678,7.626311956,0.034190942,0.911089157,13.86027507,-146668.1444,383.5492538,-12.37641551,84.3661838,432.8265033,795.5206779,133.0981637,2,3,0.278974359,29,3.442051282,1.520770633,27.72102564,4,1,0.951574676,-2.363976333,-0.644924575,2.397038059,-2.91621517,-0.53807992,0.825991836,2.443986265,-0.49986199,8,0.18604651,2,3,0.22607037,3669.488567,2963.462511,7.636243327,706.0260533,0.749267271,26,4.247624785,1.902016117,0.462617983,0.139684242,7.177788094,-60.54560461,-101.406229,-0.196296482,36.28636595,-15.43943071,105704.5309,-112.493193,-0.209382858,8.593261356,0.020360778,10.36871633,71.63256903,0.46607433,0.472398108,0.856661681,3.951629432,3.191150742,-0.83335762,-0.384519008,0.125435851,-2.187883319,-0.26386139,0.23358742,2.726209652,-0.559996276,-0.21605732,0.304795004,1.732950497,9.650751833,5.7243791,-7.232204104,1.8572108,7.983797305,11.82059063,1.526123,0.399495722,8.7552004,10.95743,6.3279753,5,5.721025641,0,2.721025641,8.130012512,-11.43007418,0,0.135427001,31,3.721025641,-6.75530466,-2.584413948,0.071336228,0.176070566,14.07269875,101.3197651,42.74324873,4.808967253,0,19.25924414,44.50062612,120.1285115,164.0407385,0,0,13.26763326,0.846073288,0.571058286,0.03336515,301.7961253,0.5,4069.26202,25857.64315,3920.992052,2592.184093,8.476051354,0.119856134,0.578245394,0.03336515,0.185554981,305.5970809,17.62688092,115.7022525,222.9036005,0,0.086511841,0.12820514,4.6558404,0,12.7423,14.19007834,0,115.17645,9.5073462,59.19099906,30.99696256,26.44626238,354.45648,78.297287,2.317657275,1.248595943,0.31356117,1.585293053,40.31513923,45.26483928,41.801922,1.549971303,0.468366443,2.552489581,2.070843336,0.013445503,3.71E-05,1702.091768,160.1648595,4.15710906,4.201656996,4.372468542,4.076007075,3.575454428,2.958262589,-2.725590544,-5.026829736,1.515767555,189.1433946,36.79766508,0.007727128,0.023413626,0.236548934,0.290044914,0.499473493,0.145341113,0.627616363,1.171449576,1.254733763,1.400391585,2.667907346,1.926484904,0.194011589,1.470190173,948.7312833,1745.302546,910.7899086,276.6240972,33.70416441,11.1240707,0.003440231,6737
-3.536845298,8.638452972,0.039214571,0.919023489,13.64989021,-175051.86,837.7555945,-15.25396856,114.4781109,496.9838932,976.6225582,151.296425,1.275257732,2.275257732,0.275257732,29,5.579381443,1.335570319,49.72474227,6,1,0.74321893,-2.790282562,-0.583081641,2.80803346,-3.4639471,-0.53807992,0.733634524,2.642393252,-0.49690073,10,0.18181819,2,3,0.215538896,6127.063005,2875.973108,162.7059087,3251.089905,0.675425164,32,3.891602896,-0.36736575,0.277887077,-1.734020063,12.80156667,-6.439511988,-256.0742135,-0.100403775,32.65464547,-10.84100863,121944.3689,-341.5977715,0.479779405,10.95252183,0.008956355,-1.849518606,91.96307216,0.440647706,0.296359562,0.865831725,5.431571966,2.549720642,-0.878446846,-0.373816554,0.127691058,-2.25156636,-0.295572843,0.162694212,2.935186749,-0.63028232,-0.21605732,0.190363464,1.067692391,26.05560629,0.714083449,-3.769873666,3.8562031,7.962778361,11.84870566,1.690774328,0.51018214,10.794771,13.890203,7.8477535,7,7.724742268,0,2,8.023248297,-10.81316354,0,0.136808912,43,4,-8.603157046,-3.249429305,0.050192188,0.139990863,86.26193958,196.0027684,48.64068628,2.505733676,0,20.75445468,64.0739199,70.25354225,175.1314162,0,0,13.4153342,0.850561591,0.38541739,0.024816655,262.2708645,0.5,6212.40834,34845.12351,8833.180572,5318.842615,12.32788351,0.111474436,0.397500506,0.024816655,0.256271534,270.497108,16.88590235,191.2925482,410.0132818,0,0.059392172,0.079781192,5.0616791,73.758316,12.7423,11.94730451,75.473625,36.879158,15.35013527,61.58586698,33.40344253,22.05075309,465.21646,0,2.727541002,1.601058873,0.26834276,0.826023963,43.44504509,46.02410821,41.801922,1.688039984,0.357500867,2.48495308,1.997388943,0.009805026,4.40E-05,1926.317761,160.1293804,2.112581847,3.323135145,4.246750656,3.863300998,5.750086614,2.903044637,-2.54205432,-4.981477621,1.586976117,173.5080271,23.77303361,-0.09576486,0.025317091,0.496618889,0.572704272,0.854120302,0.163599763,0.714795718,1.483833496,1.295032395,1.306064322,2.924993442,3.281068527,2.186988247,1.508504178,1077.240591,2035.279786,1090.016676,341.8763196,45.93510241,14.23086667,0.127203012,13195
-5.470292631,8.51382734,0.041382118,0.821469865,5.504695607,-189466.9585,822.7376832,-15.42292755,126.9673992,500.4726173,1048.813546,170.4056683,2,3,0.102880658,29,5.794238683,1.305056258,57.89711934,6,1,0.701347158,-2.8273256,-0.592706743,2.810046649,-3.4603133,-0.53807992,0.722473625,2.75728856,-0.497514272,14,0.23728813,2,5,0.2694427,6277.300908,2830.85434,172.230469,3446.446578,0.665897582,36,1.399199397,-0.529510176,-0.358969306,0.030569309,13.54093808,8.738961233,-214.5258985,-0.057993057,33.98102641,-35.31012625,43519.31045,-320.4497376,0.421894807,12.19460622,0.009707225,-4.376449466,97.1848776,0.410210899,0.268313376,0.859739204,5.137388797,2.313906877,-0.879550922,-0.383780888,0.107213704,-2.251505009,-0.270614206,0.162500181,2.98252339,-0.630555822,-0.215998019,0.172788235,0.664093066,27.94086875,0.32598457,-4.3120995,3.9452701,8.304867221,13.15095219,1.271707669,0.221994722,12.743849,16.372599,9.6624136,7,7.897119342,0,2,9.244728723,-11.36515926,0,0.232120708,43,4.102880658,-8.623531244,-3.33166328,0.048307768,0.13653619,104.9392616,235.5404694,44.45298149,1.773459465,0,21.22983161,66.29191401,88.4104674,174.0902354,0,0,13.46229322,0.861742456,0.370535369,0.022103672,279.1510142,0.5,11090.01529,35395.51998,10902.08228,6166.997559,12.52054733,0.111207423,0.358859278,0.022103672,0.260137532,270.3553461,16.65032072,212.6354148,483.0236235,0,0.058422681,0.056603774,4.6558404,110.63747,21.563892,11.23425246,113.21043,36.879158,15.755974,61.81240666,42.99013598,20.65327516,502.95328,0,3.673782622,1.445252856,0.25142348,0.584627181,44.44014579,46.26550494,41.801922,2.202352463,0.455046404,2.453981965,2.004630551,0.007589063,0,2079.693562,177.6160354,0.521165907,1.432837655,1.502062877,1.936306119,11.2318818,10.20043763,-2.632927928,-4.600318184,1.60995627,186.7732712,14.11118829,0,0.021534216,0.579033553,0.66587034,1.07784325,0.280092997,0.724193828,2.019413148,1.881492275,1.664415955,2.938335039,0.032950042,0,1.537915542,1150.237192,2178.191247,1154.333093,355.7514873,44.63065672,14.5270719,0,17387
-4.463670624,4.397406332,0.245273661,0.821235484,8.839183324,-135038.1939,480.7509875,-13.13739303,79.70401518,415.2303247,577.1759817,150.5619903,2,4,4.219814241,24,3.560371517,1.430815135,30.78018576,9,0,1.064799773,-2.457759124,-0.584574765,2.487859416,-2.930049455,-0.496839402,0.748033965,2.411733368,-0.451905032,11,0.27500001,3,4,0.319504638,3701.547302,1493.52403,205.718759,2208.023212,0.708046708,24,3.267416859,-0.380270054,0.92635316,0.938523986,10.33862349,-82.27532038,-141.9466209,-0.195908766,46.59364877,41.31166767,361724.4551,-126.9902151,0.561218828,7.134062894,0.006178609,9.682789053,67.31890999,0.570581463,0.287928517,0.792943063,5.086635884,2.052530504,-0.812248511,-0.360954295,0.126134531,-2.188068287,-0.338226235,0.153105737,2.61517217,-0.560207154,-0.200587117,0.178395455,8.826264567,11.46483682,0.851210608,-3.94387235,1.929147052,8.071904412,7.901156255,1.84936618,0.463741933,10.826222,11.102342,5.9626904,9,6.780185759,1,1,4.259644019,-4.767791403,1,0.467235743,27,4,-7.128724324,-2.701886312,0.068343547,0.113813181,102.9204865,126.1232138,2.459844898,12.40817623,0,19.9212791,46.03033159,101.6751799,64.87292099,9.4210396,0,28.57353786,0.813992245,0.399366782,0.058234693,206.0046935,0.5,3776.774762,3945.188845,2932.440769,2696.399562,8.91069019,0.1131119,0.40325879,0.058234693,0.207797525,208.0236253,30.03554854,137.2398305,307.8443996,0,0.082235762,0.54054052,56.115128,36.879158,12.7423,74.62999854,0,5.513495,0,126.8462307,32.06248065,30.63299443,318.31244,0,2.488071152,1.695838338,0.32120815,35.19480491,41.70096889,55.02206087,22.381124,3.451165331,0.172975614,2.520735712,2.126815057,0.107454911,0.021330988,1122.375993,105.6369113,1.878261851,2.74504464,1.789045086,0.77239994,1.865292607,1.848658061,-2.869609252,-7.881684281,1.309990108,162.415897,99.12204235,3.783324448,0.11265952,0.410055878,0.754886166,0.662166926,0.36422139,0.830571672,1.687985957,2.428299583,3.138660555,3.982149375,4.987938158,5.391702911,1.624459631,871.7377455,1372.197744,783.4161312,295.0568143,35.31129357,11.43407934,0.121337553,5872
-2.567201893,9.463628451,0.019144455,0.964715079,10.66939646,-169852.0425,922.7708511,-15.65393859,109.3523108,501.2522722,928.5348857,178.9093805,1,3,2.150793651,24,5.849206349,1.345218682,48.84920635,9,0,0.77152789,-2.790281915,-0.590111183,2.80803544,-3.4639471,-0.53807992,0.728395013,2.642532404,-0.499271503,11,0.21153846,3,3,0.25,6285.421414,2721.609785,188.0304852,3563.811644,0.681851267,32,3.735543064,-1.566019229,-0.16622555,1.728236584,12.94436396,-7.606940154,-292.111052,0.020653479,41.28587117,-19.17726117,15879.57661,-373.4464246,0.212716377,10.25810179,0.00953043,2.561884836,88.94231348,0.45262852,0.282829309,0.838437956,5.676262931,2.457573015,-0.878370007,-0.370130376,0.126155961,-2.251567357,-0.298550033,0.162568505,2.874626852,-0.630285135,-0.21605732,0.190296775,4.172647414,25.63179993,-1.630620364,-2.190294965,3.895544703,8.039541461,14.15569515,1.630257135,0.371348803,12.041103,14.224082,8.1512194,9,8.849206349,0,2,7.5640001,-8.011208087,1,0.058129299,39,5,-8.689531616,-3.141437515,0.050021346,0.106033042,82.8395022,199.7144337,30.21286121,8.6190128,0,22.381124,67.65241087,98.37226381,135.70854,9.4210396,0,17.451376,0.840158683,0.388121762,0.02595547,260.9532168,0.5,2918.073625,11905.26546,20145.0526,24673.6106,12.53888889,0.110366882,0.400760065,0.02595547,0.273788749,269.45435,17.451376,201.5497965,402.918211,0,0.058365557,0.192671389,23.01519571,73.758316,12.7423,33.203491,75.473625,42.392651,5.777501001,97.01855071,36.0215,23.401724,429.93008,0,1.885078094,1.29992871,0.27386162,22.580544,46.850132,56.271172,22.381124,2.837581327,0.130064486,2.523002689,2.072405404,0.057986231,0.009385497,1765.01173,134.2926018,11.33637717,11.55880434,1.176773752,0.514603703,0.501264261,0.940729073,-2.493837137,-7.847221559,1.595393909,194.2939644,80.7457207,2.513524968,0.074812746,0.349930403,0.389737584,0.29239596,0.092926656,0.502676366,1.15233175,1.668728099,2.556756498,3.924139354,4.827657009,5.731796156,1.482865268,1198.661895,2057.143217,1147.432242,410.5697275,56.24626806,17.44147552,0,12352
-2.508380006,10.38349243,0.019435491,0.905683475,8.913228219,-184271.8754,882.1302521,-15.5563854,121.7962519,519.4920726,1047.392351,193.2547031,1.046413502,3.046413502,2.046413502,24,5.907172996,1.315412966,56.9535865,9,0,0.732079779,-2.8273256,-0.602833786,2.810046891,-3.4603133,-0.53807992,0.719113106,2.757177943,-0.499852054,15,0.26785713,3,5,0.302742618,6579.212351,2800.070244,198.0460445,3779.141916,0.67141588,36,3.717872981,-1.080773668,0.742387095,-3.158267997,13.06372351,-2.886510709,-241.4345138,-0.015135866,45.95468242,-23.1303974,280686.2213,-334.0258041,0.119164385,11.34681,0.010528909,-0.46403326,95.47779641,0.418727979,0.259094012,0.844229658,5.303171986,2.256932171,-0.87954714,-0.381224444,0.103363291,-2.251505224,-0.276666938,0.162551172,2.93779927,-0.630555863,-0.21605732,0.172186826,4.005666951,27.47908495,-2.263389215,-2.807554974,3.964407882,8.466024004,15.12720778,1.227836528,0.134275249,14.222222,16.828665,10.082949,9,8.953586498,0,2,8.774012372,-8.564862239,1,0.119787957,39,5,-8.710885967,-3.231083274,0.048566927,0.103859628,99.65254499,241.2784517,26.90404217,9.419089919,0,21.86173083,67.75198736,115.44186,135.70854,9.4210396,0,17.40006894,0.855979215,0.373457905,0.02376682,278.2802244,0.5,8773.054215,62699.78181,10455.55402,1015.616876,12.66442616,0.110092164,0.361820778,0.02376682,0.275233062,269.6092388,17.70877066,222.799566,475.5388267,0,0.057738803,0.15686275,22.544069,110.63747,21.563892,33.98256623,113.21043,42.392651,6.2486277,95.85649237,44.00715192,24.9285977,467.6669,0,3.296330986,1.405632954,0.25615203,22.84429221,45.76289265,56.00742375,22.381124,4.345103616,0.148805126,2.522316189,2.08603294,0.050820413,0.00881689,2025.130802,157.75,0.761016749,6.460354878,6.157339677,0.509612551,0.5,0.71448274,-2.430063624,-7.722599417,1.660083523,229.1671941,78.94462025,2.761603376,0.064644463,0.739482347,0.6371088,0.795501874,0.129354056,1.243673357,2.553907686,2.98410466,3.70476478,5.499710161,6.380491808,7.209411597,1.475507514,1288.869726,2268.431435,1232.759494,407.6613924,53.81170886,16.98575949,0,16368
